var,end_dap,lag_max,at_typ,at_hi,delta_eta_bandA,delta_eta_bandB,OR_bandA,OR_bandB
tmax,85,70,30.08,32.82,1.1189390307035008,-0.2803866439158422,3.0616042114607,0.7554915787555041
tmax,85,70,30.08,32.82,1.029056652041123,-0.44926103184044586,2.798424700911183,0.6380995126624076
tmax,85,70,30.08,32.82,0.5649745819585075,-0.03358378486141321,1.7594030615734344,0.9669738900639074
tmax,85,70,30.08,32.82,1.2031976235547328,0.10821684929706134,3.330750398679303,1.1142893520521184
tmax,85,70,30.08,32.82,0.9537368362928642,-0.14889757139797954,2.595390108876442,0.8616573687387229
tmax,85,70,30.08,32.82,0.10417938737638494,-0.31624500715253767,1.1097995210844704,0.7288808472680949
tmax,85,70,30.08,32.82,1.2776214769192378,0.06425395602519211,3.5880952006719657,1.0663631737305943
tmax,85,70,30.08,32.82,1.5635033653228216,-0.5368712888030345,4.775522372458865,0.5845743585459973
tmax,85,70,30.08,32.82,1.3518070596091125,0.23366176356311902,3.86440243050701,1.2632171538720214
tmax,85,70,30.08,32.82,0.652390183053034,-0.40335512476515156,1.9201247983213352,0.668074807282874
tmax,85,70,30.08,32.82,0.9382167574122539,-0.633030781939885,2.555420418333633,0.5309800750238031
tmax,85,70,30.08,32.82,1.2527978423085735,-0.9179490546046944,3.5001220604745638,0.39933722061073634
tmax,85,70,30.08,32.82,0.8450312672623499,0.2494505522745856,2.3280506052012835,1.2833201056266912
tmax,85,70,30.08,32.82,0.913433965631709,-0.008161921913594222,2.4928682760781933,0.9918712961352584
tmax,85,70,30.08,32.82,0.8446973438974507,-0.04236444823742606,2.3272733444895177,0.9585203858430478
tmax,85,70,30.08,32.82,1.4855695454906481,-0.2927060616910358,4.417480652624557,0.7462414574149213
tmax,85,70,30.08,32.82,1.535503173952372,-0.1478294826513469,4.643661511718415,0.8625781869479692
tmax,85,70,30.08,32.82,1.4266345296829224,-0.7093951786312261,4.1646595420927595,0.4919416443194638
tmax,85,70,30.08,32.82,1.4426328018570118,-0.1880733498779438,4.231822713811414,0.8285539306740465
tmax,85,70,30.08,32.82,1.0188804546354717,-0.6087683669122211,2.7700917839089376,0.544020490262284
tmax,85,70,30.08,32.82,1.3460929954935414,-0.12373550729404682,3.842383954651647,0.8836135193090078
tmax,85,70,30.08,32.82,2.1037800503188016,-0.6173376945790712,8.19709686163519,0.5393785181201719
tmax,85,70,30.08,32.82,0.7083655104136675,-0.8640117685928204,2.030669436597111,0.4214678546631625
tmax,85,70,30.08,32.82,1.255454693696223,-0.2753733779707192,3.509433729010134,0.7592885686667908
tmax,85,70,30.08,32.82,1.5680377562271184,-0.21497117715536507,4.79722562599937,0.8065646873309716
tmax,85,70,30.08,32.82,0.19163014778313986,0.49515685082505667,1.2112224608004873,1.6407555727403167
tmax,85,70,30.08,32.82,1.1256207833885108,-0.35987220901082684,3.082129590008372,0.6977654885158195
tmax,85,70,30.08,32.82,1.3337736773921007,-0.2561803559649245,3.7953387816571147,0.7740023602604724
tmax,85,70,30.08,32.82,1.592484392643081,-0.5991192585423596,4.9159469121042125,0.5492952101749811
tmax,85,70,30.08,32.82,1.7720030352937903,-0.17975045912504822,5.882624673110852,0.8354786714792208
tmax,85,70,30.08,32.82,0.6051110583716497,-0.5939006328754257,1.8314555960678875,0.5521692690535536
tmax,85,70,30.08,32.82,1.1347437913200829,-0.38406446902861624,3.110376535343194,0.6810875167135246
tmax,85,70,30.08,32.82,1.1634347651379573,-0.44530298921356465,3.2009087860845056,0.6406301426005436
tmax,85,70,30.08,32.82,0.8272026490657296,-0.3214111637149175,2.286912487389759,0.725125044581405
tmax,85,70,30.08,32.82,1.209274904666392,-0.6223606387999824,3.3510539378325817,0.5366760427830798
tmax,85,70,30.08,32.82,0.3737833208815104,-0.12071612317513877,1.453222233427604,0.8862855198044117
tmax,85,70,30.08,32.82,1.8303085646772428,0.009289389622554515,6.235810512550907,1.0093326699143574
tmax,85,70,30.08,32.82,1.0870878300622528,-0.38265617485817005,2.965625080801708,0.6820473640079124
tmax,85,70,30.08,32.82,1.8332767097013758,-0.20733554337222523,6.254346798078456,0.812746892396089
tmax,85,70,30.08,32.82,1.6903193812489525,-1.0213803211889256,5.421211862082305,0.3600975466968883
tmax,85,70,30.08,32.82,1.1491116563049104,-0.20402365519688725,3.1553885947127522,0.8154430814924998
tmax,85,70,30.08,32.82,0.5169686587170734,-0.2891247027975939,1.6769365701436516,0.7489188073088465
tmax,85,70,30.08,32.82,0.7418821413963581,-0.8249303546016197,2.099884076200379,0.4382655145784337
tmax,85,70,30.08,32.82,1.0253554530084776,-0.35858285350919156,2.7880863181234403,0.698665736532438
tmax,85,70,30.08,32.82,1.7655658094747717,-0.16967842416745502,5.8448785103116885,0.8439361624389639
tmax,85,70,30.08,32.82,1.3299968002965352,-0.4360684606490371,3.7810312893705085,0.6465734595815121
tmax,85,70,30.08,32.82,1.4463608365315348,-0.41573740574765444,4.247628539652238,0.659853521478166
tmax,85,70,30.08,32.82,1.0561756766174863,0.2927044928986037,2.8753536535581627,1.3400467385890416
tmax,85,70,30.08,32.82,1.4331262517342958,-0.24288170548195948,4.191783298968864,0.7843642942798955
tmax,85,70,30.08,32.82,1.466644241672305,-0.552066837357639,4.334664620265623,0.5757585804222588
tmax,85,70,30.08,32.82,0.6953402217568341,-0.2716401258496613,2.004390895341156,0.7621284820842933
tmax,85,70,30.08,32.82,0.8744504471623761,-0.07453426820918604,2.397557347415995,0.9281756665960897
tmax,85,70,30.08,32.82,0.7706380727018773,-0.32318676053210404,2.161144781427549,0.7238386572507799
tmax,85,70,30.08,32.82,0.8943537427436201,0.14906732868450148,2.445754691902487,1.160751138425398
tmax,85,70,30.08,32.82,1.014972777994067,-0.07591276266775125,2.759288282991893,0.9268970630595288
tmax,85,70,30.08,32.82,0.9251482929006641,-0.7324499485738019,2.5222422632478705,0.4807297829354965
tmax,85,70,30.08,32.82,0.8189787219729764,-1.0479356148373469,2.268182209610651,0.35066090158406965
tmax,85,70,30.08,32.82,1.3362972854653778,-1.196236057339824,3.804928824913025,0.3023300258837996
tmax,85,70,30.08,32.82,1.2132658628659507,-0.42908446924686955,3.3644545769313554,0.6511049285151881
tmax,85,70,30.08,32.82,1.7804458745243752,-0.08204987740756617,5.932500980028872,0.9212260091853163
tmax,85,70,30.08,32.82,1.5819073745860985,-0.38635713055733595,4.864224867539504,0.6795278021981903
tmax,85,70,30.08,32.82,0.9886271270763789,-0.1508537962918685,2.6875422844433743,0.8599734207714733
tmax,85,70,30.08,32.82,1.1205376231205115,-0.5787763819091843,3.066502382783691,0.5605838876582224
tmax,85,70,30.08,32.82,0.8544906443181152,-0.3958965970579908,2.350176999646195,0.6730762904078127
tmax,85,70,30.08,32.82,0.946878427823079,-0.31804191321072517,2.5776507647402362,0.7275722928846877
tmax,85,70,30.08,32.82,1.3274872756675924,-0.494297283296138,3.771554594200454,0.6099994134966537
tmax,85,70,30.08,32.82,1.0612590519713123,-0.2523696547417442,2.890007369067143,0.7769574789626397
tmax,85,70,30.08,32.82,0.24726572810831254,-0.07753149717157809,1.2805193375538508,0.9253978765219066
tmax,85,70,30.08,32.82,1.335729974514717,-0.6381155960864158,3.8027708593008054,0.5282869927407842
tmax,85,70,30.08,32.82,1.6049835776181274,-0.8006224747016506,4.977777855099628,0.449049355238095
tmax,85,70,30.08,32.82,1.1959974622222005,-0.3471855597854847,3.3068545885289793,0.7066741857804197
tmax,85,70,30.08,32.82,1.5455005198099248,-0.5573460752806326,4.6903186370032,0.5727270230871072
tmax,85,70,30.08,32.82,1.2841645104597845,-0.6183593163874045,3.611649201192984,0.5388277586449621
tmax,85,70,30.08,32.82,0.9206108346240446,-0.09657967448199632,2.510823619615467,0.9079375552634684
tmax,85,70,30.08,32.82,0.8907680163206825,-0.7524591240497034,2.4370005889684148,0.47120637188987285
tmax,85,70,30.08,32.82,0.8852111468332404,-0.2559255689890286,2.4234960509825436,0.7741995911060379
tmax,85,70,30.08,32.82,1.6839626924220685,-0.9699354151297469,5.386860202288393,0.3791075219228635
tmax,85,70,30.08,32.82,1.2572722063307493,-0.33064777494851777,3.515817969113719,0.7184581834496012
tmax,85,70,30.08,32.82,0.886395290753997,0.0407773774439765,2.426367518878388,1.041620191582342
tmax,85,70,30.08,32.82,1.1563721169783372,-0.5565460383680765,3.1783815381903526,0.573185409184845
tmax,85,70,30.08,32.82,0.479008651982266,-0.06035441414804791,1.61447310389086,0.9414308180496633
tmax,85,70,30.08,32.82,1.4200676086546744,-0.34150993882459685,4.137400154854042,0.7106964040978547
tmax,85,70,30.08,32.82,1.844069711686237,-0.6492001739288188,6.322215570553581,0.5224634896101648
tmax,85,70,30.08,32.82,0.3699333426163844,-0.279984605995314,1.4476381156779619,0.7557953760837346
tmax,85,70,30.08,32.82,0.9886813216112601,-0.7454678180497643,2.6876879384942445,0.47451226260614404
tmax,85,70,30.08,32.82,0.8873182413414031,-0.6837760853935181,2.428607969958979,0.5047075706791213
tmax,85,70,30.08,32.82,0.6239942753457536,-0.19036756189389004,1.8663679609446173,0.8266552311328882
tmax,85,70,30.08,32.82,0.6786054395751295,-0.16466733797438396,1.9711269589671196,0.8481758130458918
tmax,85,70,30.08,32.82,0.7143697539315313,-0.5799454473153802,2.042898747539376,0.5599289113575551
tmax,85,70,30.08,32.82,0.910773106373382,-0.07303677869027496,2.486243921591947,0.9295666411535006
tmax,85,70,30.08,32.82,0.9073084276367338,-0.598283399309937,2.477644790358251,0.5497545355866816
tmax,85,70,30.08,32.82,1.4892580912790943,-0.3203271767423666,4.433804819992712,0.7259114968582044
tmax,85,70,30.08,32.82,0.9208048154139229,-0.09245418870709114,2.5113107184068224,0.9116909757501375
tmax,85,70,30.08,32.82,0.5420026619155902,-0.3025567257185791,1.71944688722849,0.738926570929347
tmax,85,70,30.08,32.82,1.1819550155703618,-0.006766780591120841,3.26074277843184,0.99325606251485965
tmax,85,70,30.08,32.82,1.4390898144297244,-0.7651211927599664,4.216855948329018,0.46527753928811366
tmax,85,70,30.08,32.82,1.8966739877310441,-0.2628851587866015,6.6636940152473985,0.7688301856329097
tmax,85,70,30.08,32.82,0.8665134209383775,-0.17088287681836214,2.378603191197002,0.8429202931969293
tmax,85,70,30.08,32.82,1.147657471940322,-0.5995590454890002,3.150803412612186,0.5490536904242036
tmax,85,70,30.08,32.82,1.049609480884461,-0.143276451057367,2.8565353685509547,0.8665144869345347
tmax,85,70,30.08,32.82,1.9400212690772995,-0.5922066587769017,6.958898978423564,0.5531054221790432
tmax,85,70,30.08,32.82,0.36004600670383147,-0.2585209508371814,1.4333953588391366,0.77219285279298
tmax,85,70,30.08,32.82,1.0607419815318002,-0.564526947819385,2.8885134179588894,0.56862907436772
tmax,85,70,30.08,32.82,1.196809909948191,-0.46596045439024986,3.30954232669515,0.6275320996961828
tmax,85,70,30.08,32.82,1.4875348126672907,-0.16186621453249253,4.426170718708481,0.8505549888255423
tmax,85,70,30.08,32.82,1.341871261807963,-0.6268354298588116,3.826196626214509,0.5342798947545552
tmax,85,70,30.08,32.82,0.9123119886415115,-0.42125606166201446,2.4900729036978273,0.6562220465859915
tmax,85,70,30.08,32.82,0.798092949439439,-0.42795317884080697,2.2213007538160516,0.6518419340792165
tmax,85,70,30.08,32.82,0.9854608570563079,-0.3452426875860017,2.679046257336337,0.7080484980342933
tmax,85,70,30.08,32.82,0.25804384665846136,-0.31611470701146416,1.2943955723005718,0.7289758267331042
tmax,85,70,30.08,32.82,0.3210725040779117,-0.4549770544816335,1.378605531793173,0.634462525852748
tmax,85,70,30.08,32.82,0.7443882034316269,-0.4647864075342059,2.105153115474238,0.628269284444939
tmax,85,70,30.08,32.82,1.4694788352544033,-0.039409708882571906,4.346969063588045,0.9613567520473819
tmax,85,70,30.08,32.82,0.9365271563183613,-0.12801959682078565,2.551106422691621,0.8798361369846014
tmax,85,70,30.08,32.82,0.7716126132077722,-0.35676443604946734,2.163251931140759,0.6999373583254952
tmax,85,70,30.08,32.82,1.1808210772817445,-0.36759532492229774,3.2570473929115757,0.6923973209418733
tmax,85,70,30.08,32.82,1.3846670746662157,-0.5112421553977871,3.993496147436104,0.5997501330632763
tmax,85,70,30.08,32.82,0.8563421870627095,-0.1355832017608063,2.3545324837566115,0.8732065075870162
tmax,85,70,30.08,32.82,0.7777324078981089,-0.0751335946923772,2.1765311805183445,0.9276195530014936
tmax,85,70,30.08,32.82,0.7788667837686779,-0.49256047201959313,2.1790015858902763,0.6110597879252802
tmax,85,70,30.08,32.82,1.30821507490218,-0.507926141852022,3.699564370079475,0.6017422136863531
tmax,85,70,30.08,32.82,0.9833239543456607,-0.7022580374206717,2.673327508508174,0.49546526061849155
tmax,85,70,30.08,32.82,1.0391795931855332,-0.5573894339178246,2.826896857299843,0.5727021909622506
tmax,85,70,30.08,32.82,1.3003584077467523,0.058098361248406234,3.670612007670003,1.0598192357267255
tmax,85,70,30.08,32.82,1.3465010534361184,-0.47237398210716025,3.843952189886434,0.6235202838791045
tmax,85,70,30.08,32.82,1.874610664270102,-0.15246406863841078,6.518280826614647,0.8585897437006924
tmax,85,70,30.08,32.82,1.022559220248914,-0.3341500762800017,2.7803010695804056,0.7159463276026875
tmax,85,70,30.08,32.82,1.2040415091668384,-0.9179305062781584,3.3335623573371134,0.39934462771659673
tmax,85,70,30.08,32.82,0.8295502021171103,-0.2446973508121378,2.2922874423052275,0.7829414589848299
tmax,85,70,30.08,32.82,0.6823378578019486,0.054220526873910414,1.978497776085353,1.0557173905419581
tmax,85,70,30.08,32.82,1.6321806161686627,-0.5205714227905597,5.115016453779812,0.5941809224237582
tmax,85,70,30.08,32.82,1.0887012638405202,0.3227969890536684,2.9704137825685266,1.3809849673810328
tmax,85,70,30.08,32.82,1.892314494119023,-0.7056369036477216,6.634706914205129,0.4937939748982014
tmax,85,70,30.08,32.82,0.9808720462948323,-0.0025667903568082277,2.6667807845300042,0.997436501032855
tmax,85,70,30.08,32.82,1.0898696919958764,-0.47836560291094976,2.9738865260957046,0.6197955564946593
tmax,85,70,30.08,32.82,1.560265333436618,-0.5049366527837094,4.760084087062763,0.6035438070361799
tmax,85,70,30.08,32.82,1.2489851374515069,-0.31415220189572357,3.486802535937392,0.7304078502394366
tmax,85,70,30.08,32.82,1.8332236815072482,-0.6151176241357681,6.254015150155729,0.5405773066310999
tmax,85,70,30.08,32.82,0.7250990900406314,-0.238099748414394,2.064935704392038,0.7881240730461907
tmax,85,70,30.08,32.82,1.3725024659950702,-0.45241049744721495,3.9452111092939406,0.636093001570988
tmax,85,70,30.08,32.82,1.798070579874621,-0.930704440373476,6.037986406001566,0.3942758686814522
tmax,85,70,30.08,32.82,1.5157013696158237,-0.8608258437269718,4.5526130718293665,0.4228127608289081
tmax,85,70,30.08,32.82,0.4673406001354756,-0.21406793748219388,1.595744821770044,0.8072935376692664
tmax,85,70,30.08,32.82,1.1615576704817703,-0.10333149164401238,3.1949060129564413,0.9018279754883753
tmax,85,70,30.08,32.82,1.4130921553438587,-0.5810581993406885,4.108640336245319,0.559306195855636
tmax,85,70,30.08,32.82,0.6742082115643792,-0.6318527753633918,1.962478492864382,0.5316059416092686
tmax,85,70,30.08,32.82,1.1160698889646492,-0.3128228585467525,3.0528326245101614,0.7313794587147391
tmax,85,70,30.08,32.82,0.9300398941215888,-0.47786929779634696,2.534610291652069,0.6201032405456242
tmax,85,70,30.08,32.82,1.4163887379869649,-0.4713114706430342,4.122207158453455,0.6241831334090943
tmax,85,70,30.08,32.82,1.8255776035357798,-0.1040735596391031,6.206378810345226,0.9011590060517903
tmax,85,70,30.08,32.82,1.3500988612517446,-0.8856325401294738,3.857806899464437,0.4124531975499603
tmax,85,70,30.08,32.82,1.4915083070501058,-0.42392141907547665,4.443793071169807,0.6544753091631033
tmax,85,70,30.08,32.82,1.4070301986160085,-0.6771444108823436,4.083809274766329,0.5080657498794263
tmax,85,70,30.08,32.82,1.7453132247361922,-0.17412178242491705,5.727695250313075,0.8401945704955358
tmax,85,70,30.08,32.82,1.5326124545766642,-0.3276071557568529,4.630257372548705,0.7206460657634357
tmax,85,70,30.08,32.82,0.4391433987100678,-0.39833429634145956,1.5513777370041533,0.6714375310297571
tmax,85,70,30.08,32.82,0.5998016282322465,-0.10174049701578503,1.821757379312073,0.9032639209408168
tmax,85,70,30.08,32.82,1.528366607928466,-0.8973346140276319,4.6106396861182715,0.40765477028526337
tmax,85,70,30.08,32.82,1.0279499688385916,-0.18302219751258766,2.7953294443512657,0.8327496705606346
tmax,85,70,30.08,32.82,0.8694284363737173,-0.4606533865944597,2.3855469719109132,0.6308713079582329
tmax,85,70,30.08,32.82,0.8718922236897314,-0.035355173590426996,2.3914316986628155,0.9652625196124595
tmax,85,70,30.08,32.82,0.6663957445515764,-0.22326628287468925,1.9472064283028485,0.7999018207765843
tmax,85,70,30.08,32.82,1.6230008688642346,-0.3488781085516073,5.068276752818442,0.7054791169007003
tmax,85,70,30.08,32.82,0.6539257715465606,0.4863418251007206,1.9230755848848822,1.6263558304524335
tmax,85,70,30.08,32.82,1.0187876830649083,0.04584344852347832,2.7698348100636574,1.0469105027422452
tmax,85,70,30.08,32.82,0.9477090489193566,-0.2163461539551364,2.5797927052916205,0.8054564416790072
tmax,85,70,30.08,32.82,1.051227615034323,-0.27611502382197606,2.861161367715331,0.7587256542173174
tmax,85,70,30.08,32.82,1.0298390294596653,-0.20983016406445076,2.800614981906137,0.81072192399495
tmax,85,70,30.08,32.82,1.5969921834372116,-0.24769861118991887,4.93815699393084,0.7805951704784162
tmax,85,70,30.08,32.82,1.008320516639516,-0.1019904256766798,2.7409936938402693,0.9030381976071616
tmax,85,70,30.08,32.82,0.8828216418258231,0.19247552983141059,2.4177120082848713,1.2122468394599673
tmax,85,70,30.08,32.82,1.0626622154517504,-0.5441179785832418,2.8940653682179156,0.5803534418247833
tmax,85,70,30.08,32.82,1.47303268873426,-0.25857789266384745,4.362445038106157,0.7721488839732478
tmax,85,70,30.08,32.82,1.458240980894802,-0.8014716963118668,4.29839192100286,0.44866817469785747
tmax,85,70,30.08,32.82,1.8292954639091479,-0.3091566788954949,6.229496207184825,0.7340657484050876
tmax,85,70,30.08,32.82,0.9802215841846075,-0.007097786859807368,2.6650467087098413,0.9929273429388779
tmax,85,70,30.08,32.82,1.073411297434613,-0.883515773634589,2.9253417089543463,0.41332718935118173
tmax,85,70,30.08,32.82,1.2255919205545545,-0.5888287947002815,3.406181675142761,0.5549768961280629
tmax,85,70,30.08,32.82,1.245219125632922,-0.5517770114079021,3.4736958917572105,0.575925474383581
tmax,85,70,30.08,32.82,0.651756615957788,-0.46662644448572405,1.918908655725,0.6271143086709777
tmax,85,70,30.08,32.82,1.4644463982834257,-0.19521547829823405,4.325148167953643,0.8226573741452762
tmax,85,70,30.08,32.82,0.8923821871378006,-0.05038018022633359,2.4409375007696794,0.9508678546180271
tmax,85,70,30.08,32.82,1.3717337412048123,-0.07326787962989136,3.9421794930999785,0.9293518422503642
tmax,85,70,30.08,32.82,1.6351496783459993,-0.9838883789519011,5.130225823278077,0.37385458065670724
tmax,85,70,30.08,32.82,0.9718361662186584,0.0683033354629041,2.6427926135034197,1.0706900374835198
tmax,85,70,30.08,32.82,0.7430696798166351,0.3797200410220978,2.1023792504834238,1.461875267034578
tmax,85,70,30.08,32.82,1.538035079423116,-0.014818386040288956,4.65543372047524,0.9852908659304402
tmax,85,70,30.08,32.82,1.1904257029869656,-0.0022421337721390266,3.2884808255611824,0.9977603779322439
tmax,85,70,30.08,32.82,0.7534326174747705,-0.6208376295716915,2.124279354307058,0.5374940280903131
tmax,85,70,30.08,32.82,2.188955428488017,-0.02781235253424528,8.925884518666695,0.9725708501347385
tmax,85,70,30.08,32.82,0.1073567386977551,-0.3182513204301134,1.1133313520217745,0.7274199499453431
tmax,85,70,30.08,32.82,0.9316690785929381,-0.6220794461144685,2.5387430049422073,0.5368269733800963
tmax,85,70,30.08,32.82,1.5984029713587216,-0.5158840035622142,4.94512860274684,0.5969726353574851
tmax,85,70,30.08,32.82,1.0950841634739654,-0.7266030021296906,2.9894342739795357,0.48354881757154095
tmax,85,70,30.08,32.82,1.203290907725959,-0.22406026324098174,3.331061119462245,0.7992669665001928
tmax,85,70,30.08,32.82,0.7765195515930342,-0.6182588037182992,2.1738929611667546,0.5388819203830963
tmax,85,70,30.08,32.82,1.006247063153222,0.01494734739063871,2.7353162588925493,1.015059617671143
tmax,85,70,30.08,32.82,1.2042551960796803,-0.4406007276237217,3.334274772100164,0.6436496467989435
tmax,85,70,30.08,32.82,0.4549947853501239,-0.0686943827800475,1.5761651638630847,0.9336119643751513
tmax,85,70,30.08,32.82,1.8308124920872624,-1.0226116745909724,6.238953700294584,0.3596544122412454
tmax,85,70,30.08,32.82,0.9607171318623582,-0.007029269944038691,2.6135700759087417,0.992995377588734
tmax,85,70,30.08,32.82,1.5557181299821052,-0.325962797892415,4.738488154020652,0.7218320406054483
tmax,85,70,30.08,32.82,1.589491740497105,-0.3860354627058937,4.90125718461384,0.6797464196055295
tmax,85,70,30.08,32.82,1.3101086167769402,-0.3985581943221613,3.7065762867163765,0.6712872143508206
tmax,85,70,30.08,32.82,2.012187182988997,-0.34878612382355706,7.479658852479287,0.7055440131901015
tmax,85,70,30.08,32.82,1.1828537401865855,-0.47923201073151955,3.2636746054892263,0.6192587933388333
tmax,85,70,30.08,32.82,0.7323216813046906,-0.014782762031298975,2.079903880411221,0.9853259665663149
tmax,85,70,30.08,32.82,1.3666885510115265,0.30243724699553337,3.922340535519957,1.3531527593556478
tmax,85,70,30.08,32.82,0.9740409962526189,-0.12129555298793579,2.6486259504263026,0.8857721283031212
tmax,85,70,30.08,32.82,0.9845252514988949,-0.5891632152298164,2.6765408989657713,0.5547913314906218
tmax,85,70,30.08,32.82,0.8655432184680137,0.005090745264184759,2.376296583624003,1.0051037251242303
tmax,85,70,30.08,32.82,1.5769539761946696,-0.39583668768461794,4.840190000185314,0.6731166151945075
tmax,85,70,30.08,32.82,0.9574443098815174,0.19991520798582446,2.605030308507782,1.2212991973508127
tmax,85,70,30.08,32.82,0.8865853445993735,0.20325067094947014,2.426828703179184,1.2253795968187815
tmax,85,70,30.08,32.82,1.562634233830399,0.2882769079365772,4.7713736187396085,1.334126683246009
tmax,85,70,30.08,32.82,0.42885549798978273,-0.2942477449293072,1.5354991356535395,0.7450918758413356
tmax,85,70,30.08,32.82,0.9011210264304204,-0.4853776077344547,2.4623619373225067,0.6154647486305734
tmax,85,70,30.08,32.82,0.5911836353417822,-0.2270893555761726,1.806124944028447,0.7968495761558542
tmax,85,70,30.08,32.82,1.3433346458068893,-0.17728747655973243,3.831799920019354,0.8375389770876308
tmax,85,70,30.08,32.82,0.9804025892626138,-0.7762541890061363,2.6655291393571234,0.4601263335715523
tmax,85,70,30.08,32.82,1.6896852582472235,-0.9033406122469029,5.417775236680079,0.4052137342277131
tmax,85,70,30.08,32.82,1.1077257986789595,-0.6010356846637392,3.0274654934596277,0.548243534537058
tmax,85,70,30.08,32.82,1.5270272376022285,-0.7030176732260561,4.604468465834927,0.49508903038327234
tmax,85,70,30.08,32.82,1.3504307327078513,-0.6901801136216938,3.859087407927892,0.5014857365190064
tmax,85,70,30.08,32.82,1.7864415369469329,-0.15341264823223938,5.968177097330968,0.857775689149156
tmax,85,70,30.08,32.82,1.0853569865300692,-0.2983317781036936,2.9604964874883652,0.7420551012674305
tmax,85,70,30.08,32.82,1.0615187087673967,-1.10066119878506,2.8907578765542232,0.3326510624888507
tmax,85,70,30.08,32.82,1.3627604143394498,-0.33992221604272793,3.9069632675999535,0.7118256892282665
tmax,85,70,30.08,32.82,1.215401343806808,-0.4155477177913314,3.3716469824459394,0.6599786996161451
tmax,85,70,30.08,32.82,0.8066372470099255,-0.36697891225452123,2.240361522930976,0.6928242549918965
tmax,85,70,30.08,32.82,0.8103522386424086,-0.36797843566941973,2.2486999262016214,0.6921321068933621
tmax,85,70,30.08,32.82,0.8021508521315167,-0.24518265890336555,2.2303328894946945,0.7825615833456434
tmax,85,70,30.08,32.82,0.7177947197141913,-0.42926268114085797,2.049907601538316,0.6509889042114547
tmax,85,70,30.08,32.82,1.3031236801581398,-0.4911681948585371,3.6807762968249462,0.6119111450370545
tmax,85,70,30.08,32.82,1.2861614699796997,-1.064717908102157,3.618868724596699,0.3448251134193047
tmax,85,70,30.08,32.82,1.2068198930578917,-0.4113430168094719,3.3428371517939834,0.6627595549379663
tmax,85,70,30.08,32.82,1.2032109709287548,-0.42413671520377705,3.33079485574734,0.6543344183301418
tmax,85,70,30.08,32.82,1.088368309296031,-0.7897464270437595,2.969424934430483,0.45395989264094194
tmax,85,70,30.08,32.82,1.1012599232404534,-0.34073868071397834,3.0079534279563376,0.7112447458930499
tmax,85,70,30.08,32.82,1.511725531714548,-0.9018699603493165,4.534548554820152,0.40581010099135345
tmax,85,70,30.08,32.82,1.3369368623670246,-0.4796888698837579,3.8073631478872403,0.6189759439075877
tmax,85,70,30.08,32.82,0.8891567778220908,-0.12814706905764306,2.4330771614359192,0.8797239894521522
tmax,85,70,30.08,32.82,0.9693870160427173,-0.10121874634577586,2.6363279372220494,0.9037353224630988
tmax,85,70,30.08,32.82,1.3727585429770655,-0.3871468992318699,3.9462215164136243,0.6789913442932475
tmax,85,70,30.08,32.82,1.422739296633907,-1.2878546005336147,4.148468776480806,0.27586198283395097
tmax,85,70,30.08,32.82,-0.3320766301650019,0.1826709831918133,0.7174323437890605,1.2004193849452485
tmax,85,70,30.08,32.82,1.0650386452940377,-0.5932606540237809,2.9009510900012985,0.552522758809195
tmax,85,70,30.08,32.82,1.6150541160198226,-0.8155786951728411,5.028160020113609,0.4423832482223248
tmax,85,70,30.08,32.82,1.0907540191551512,-0.4250019351965519,2.9765175779031536,0.6537685199580375
tmax,85,70,30.08,32.82,0.9762369853870788,-0.4844641318604783,2.6544486952369044,0.6160272176915768
tmax,85,70,30.08,32.82,1.5690936085253222,-0.6914149363017545,4.802293462674271,0.5008668727299833
tmax,85,70,30.08,32.82,1.0567737701385151,-0.800678843805449,2.8770738983313695,0.44902404344178737
tmax,85,70,30.08,32.82,1.738169632396886,-0.24719745619357444,5.686924727776884,0.7809864676903105
tmax,85,70,30.08,32.82,1.4397763457398465,-0.8629980109810406,4.219751945950594,0.4218953375543547
tmax,85,70,30.08,32.82,0.9594344135868293,0.009834710700146644,2.6102197510288505,1.0098832303960381
tmax,85,70,30.08,32.82,0.7781840404072468,-0.1982298984776546,2.177514394765665,0.8201812730354507
tmax,85,70,30.08,32.82,1.2998069420161122,-0.6338035642006771,3.668588348977792,0.530569901548796
tmax,85,70,30.08,32.82,1.3954507134871892,-1.0089412391377495,4.036793599991842,0.3646048045845525
tmax,85,70,30.08,32.82,0.671544741888964,-0.25537816088386206,1.9572584457145752,0.7746235102550292
tmax,85,70,30.08,32.82,0.35051670783041056,-0.5461865954720511,1.4198009813764099,0.5791541537549876
tmax,85,70,30.08,32.82,0.8795028980288389,-0.5841071418030128,2.4097015412506844,0.5576035004748024
tmax,85,70,30.08,32.82,1.0719507500164862,-0.29948408455487635,2.921072227323352,0.7412005188520823
tmax,85,70,30.08,32.82,1.6865397308507755,-0.2090887666275568,5.4007602508267185,0.8113232140213332
tmax,85,70,30.08,32.82,0.9898647052763191,-0.15753682845275976,2.6908703871549235,0.8542453524945414
tmax,85,70,30.08,32.82,0.9670475267084945,-0.8843783082525144,2.6301674850972123,0.412970834048322
tmax,85,70,30.08,32.82,0.9211516158047706,-0.09095989620198963,2.5121817929812766,0.9130543271113433
tmax,85,70,30.08,32.82,0.9232141321772476,0.05848905000598549,2.517368556113183,1.0602333760819127
tmax,85,70,30.08,32.82,1.147860834918382,-0.6203816481661183,3.151444234534975,0.5377391712588447
tmax,85,70,30.08,32.82,0.569011673960329,-0.8162894963337253,1.7665202903886086,0.4420689134239369
tmax,85,70,30.08,32.82,1.0149944855834176,-0.061234029317462295,2.759348181138961,0.9406030853176559
tmax,85,70,30.08,32.82,1.6004057873273547,-0.026073993735721137,4.955042710031544,0.9742629975828371
tmax,85,70,30.08,32.82,0.974638633329415,-0.0170356920012631,2.65020934059605,0.9831085948954911
tmax,85,70,30.08,32.82,0.9681217160117541,-1.1993107483405763,2.632994300871301,0.30140188208285484
tmax,85,70,30.08,32.82,1.017232939373449,-0.6757749133409846,2.7655317727931368,0.5087620213369367
tmax,85,70,30.08,32.82,0.8641421141826481,-0.7336092908963959,2.37296947565429,0.48017277549594556
tmax,85,70,30.08,32.82,1.4817427105175878,-0.35946071690984455,4.400607988212613,0.6980526725856177
tmax,85,70,30.08,32.82,0.9984394299790013,-0.17269617741270682,2.714043067630713,0.8413932102769015
tmax,85,70,30.08,32.82,0.7384978434419159,-0.22117597862258487,2.0927894547446715,0.8015756077063381
tmax,85,70,30.08,32.82,2.4650641129665267,-0.37796139307406834,11.764236367895066,0.6852569558197285
tmax,85,70,30.08,32.82,0.8025374047510724,-0.4829411339730302,2.2311951971685176,0.616966140650085
tmax,85,70,30.08,32.82,0.8835583801914134,-0.4756616661799922,2.4194938857864843,0.6214737122565974
tmax,85,70,30.08,32.82,1.0094111116613111,-0.7947752140442205,2.743984638575811,0.45168275545186354
tmax,85,70,30.08,32.82,0.5668189959160427,-0.12617529036211536,1.7626511236018123,0.8814603217414481
tmax,85,70,30.08,32.82,1.094959874196868,-0.345437961700617,2.989062742443864,0.7079102479895018
tmax,85,70,30.08,32.82,1.1389934377131312,-0.2727874850874328,3.1236226615089224,0.7612545483838303
tmax,85,70,30.08,32.82,0.8889172294514313,-0.4709148419469722,2.4324943915697808,0.6244307514543672
tmax,85,70,30.08,32.82,0.7670722711102119,-0.9474393865638486,2.1534522910241725,0.3877325866787419
tmax,85,70,30.08,32.82,1.2567371392739444,0.38084001879416,3.51393727393461,1.4635134520333388
tmax,85,70,30.08,32.82,0.8102532680711101,0.05264522384068107,2.2484773820980863,1.0540556249702275
tmax,85,70,30.08,32.82,1.0332923537366583,-0.35157394430577377,2.8103031321479186,0.7035798223169298
tmax,85,70,30.08,32.82,1.5255576361815242,-1.121440536542634,4.597706702201633,0.32581011503228985
tmax,85,70,30.08,32.82,0.7544016032747717,-0.9129117788187608,2.1263387484373153,0.4013538672609886
tmax,85,70,30.08,32.82,1.137076122639575,-0.056346631801544214,3.117639430398419,0.9452114387546975
tmax,85,70,30.08,32.82,0.9190261688946523,-0.26196526359442907,2.5068479543551216,0.7695377542188448
tmax,85,70,30.08,32.82,1.2289224578048894,-0.46749350648466,3.417545002581941,0.626570797347998
tmax,85,70,30.08,32.82,1.0979679988161648,-0.39328792708798777,2.9980677529745816,0.6748344165024668
tmax,85,70,30.08,32.82,1.2418804554984981,-0.23243784050454372,3.4621177056543027,0.7925990153704813
tmax,85,70,30.08,32.82,0.6864669473240154,-0.6735181036980062,1.9866840598403395,0.50991149695863
tmax,85,70,30.08,32.82,0.9595849286015755,-0.05070853928472637,2.6106126578616142,0.9505556798001482
tmax,85,70,30.08,32.82,0.8093603521044915,-0.503930167636541,2.2464705768305984,0.6041515707148791
tmax,85,70,30.08,32.82,1.3514032308313855,-0.9684647870404641,3.8628421886533366,0.37966545825132375
tmax,85,70,30.08,32.82,0.9279286312757696,-0.5372000021072952,2.5292647080663104,0.5843822327558952
tmax,85,70,30.08,32.82,1.339549011718818,-0.7651181687049107,3.8173215498201634,0.4652789463151361
tmax,85,70,30.08,32.82,0.4751618202686143,-0.07456657066371981,1.6082744278298597,0.9281456847280668
tmax,85,70,30.08,32.82,1.3883715553021825,-0.492051924057703,4.008317412178642,0.6113706201648745
tmax,85,70,30.08,32.82,1.5380930718828778,-0.6100771506965714,4.655703708356503,0.54330895079350106
tmax,85,70,30.08,32.82,1.892719427389553,-0.3668673225083287,6.637394071797943,0.6929015713884454
tmax,85,70,30.08,32.82,1.7278150872340805,-0.46759213161559543,5.628343025695602,0.62650900476827
tmax,85,70,30.08,32.82,1.1890860758846065,0.08945358054821763,3.2840784369595926,1.093576568909321
tmax,85,70,30.08,32.82,0.7763044563115576,-0.06512162780227636,2.1734254173334113,0.9369534968521377
tmax,85,70,30.08,32.82,1.8325656617440367,-1.0619681121867328,6.24990123825361,0.345774616979931
tmax,85,70,30.08,32.82,1.3823871138454134,-0.2696632579896232,3.984401504336561,0.7636365995690935
tmax,85,70,30.08,32.82,0.9757421390276989,-0.5423215178592289,2.6531354759116046,0.5813969610290567
tmax,85,70,30.08,32.82,1.1943425227081301,-0.5121330320978693,3.3013864701537394,0.5992160675724323
tmax,85,70,30.08,32.82,1.1099328303725218,-0.15980339555776465,3.034154584557679,0.8523113406907123
tmax,85,70,30.08,32.82,1.453709478635036,-0.6425809249533981,4.278957814404274,0.525933276551396
tmax,85,70,30.08,32.82,0.5442890303941641,0.044369615535549425,1.723382674006925,1.0453686679904495
tmax,85,70,30.08,32.82,1.5202153869307644,-0.08786276127572426,4.57321009875758,0.9158865632021175
tmax,85,70,30.08,32.82,1.5758255991462569,-0.7977946771915123,4.834731521069585,0.4503209729781384
tmax,85,70,30.08,32.82,1.0513945519186179,-0.7431188943220817,2.861639040949054,0.4756281657915133
tmax,85,70,30.08,32.82,1.688399597870557,-0.5489256025228729,5.410814293391904,0.5775700169156965
tmax,85,70,30.08,32.82,1.1647069572081303,-0.47045198618240536,3.2049835482499924,0.6247198397251759
tmax,85,70,30.08,32.82,0.9938425794358501,-0.8463553584821771,2.701595648662358,0.42897554837122237
tmax,85,70,30.08,32.82,1.3767614259948808,-0.9714895349061885,3.9620494370292128,0.3785188010155421
tmax,85,70,30.08,32.82,1.1825527128983193,0.05459658586745815,3.2626922982310154,1.0561144772206448
tmax,85,70,30.08,32.82,1.1643432656261785,-0.49151546616470365,3.2038181346516037,0.6116986827476232
tmax,85,70,30.08,32.82,1.1199553276019165,-0.5704540464809967,3.064717291964066,0.565268722149215
tmax,85,70,30.08,32.82,1.7761086302326037,-0.1582628686594609,5.906825993610596,0.8536253611188109
tmax,85,70,30.08,32.82,0.7151202523993955,-0.2071884018115769,2.044432515392627,0.8128664900409245
tmax,85,70,30.08,32.82,0.9479636707747119,-0.21495284724170546,2.580449660530706,0.8065794717275493
tmax,85,70,30.08,32.82,0.9437009810388568,-0.7842932291635395,2.569473415033719,0.45644218783724044
tmax,85,70,30.08,32.82,0.8389784406041786,-0.7549094120687795,2.314001878581616,0.4700531939483306
tmax,85,70,30.08,32.82,1.5663023600567876,-0.24516494649885057,4.788907758505003,0.7825754445157225
tmax,85,70,30.08,32.82,1.5343792029878824,-0.05625130185239771,4.638445103105398,0.945301550008169
tmax,85,70,30.08,32.82,1.377485763215637,-0.6578209353301303,3.9649203365310908,0.5179788149545497
tmax,85,70,30.08,32.82,1.2276504969146533,0.09786812821798042,3.4132007824228094,1.1028173450304661
tmax,85,70,30.08,32.82,1.330390825292713,-0.16475786283825675,3.7825214037617303,0.8480990355210657
tmax,85,70,30.08,32.82,0.8491928424464678,-0.608159746438909,2.337759150235687,0.5443516930487337
tmax,85,70,30.08,32.82,0.4189497836812479,0.001484459533974338,1.5203640057896954,1.0014855618894283
tmax,85,70,30.08,32.82,1.4407070858695454,-1.1640869648806544,4.223681266728674,0.31220758843171303
tmax,85,70,30.08,32.82,1.2262794393841818,-0.36409347802802083,3.4085242943866976,0.6948262407202713
tmax,85,70,30.08,32.82,0.5830994790581184,-0.04558666021669106,1.791582807364152,0.9554368006240123
tmax,85,70,30.08,32.82,0.7653483486268681,0.06518718201839294,2.1497431042966784,1.0673587960605726
tmax,85,70,30.08,32.82,1.6747687731005647,-0.24964766839837155,5.337560818734824,0.7790752275435451
tmax,85,70,30.08,32.82,1.0168151975996673,-0.7854248879952653,2.764376735915295,0.4559259431657172
tmax,85,70,30.08,32.82,0.782243311671922,-0.15899590746768436,2.1863714808722965,0.8529998498914391
tmax,85,70,30.08,32.82,1.058403396046314,-0.6838037034797785,2.881766274865472,0.5046936318143813
tmax,85,70,30.08,32.82,1.052763368311725,-0.5367356252383404,2.8655587814699803,0.5846536693669792
tmax,85,70,30.08,32.82,0.9189392242233055,-0.15797173103705334,2.506630006758442,0.8538739197575037
tmax,85,70,30.08,32.82,1.1649236629978523,-0.5465599024906497,3.2056781620015546,0.5789379917944392
tmax,85,70,30.08,32.82,2.100497538313747,-0.4843971881229799,8.170233905888079,0.6160684582363125
tmax,85,70,30.08,32.82,0.38374967599835813,-0.6879606829287619,1.4677779756347398,0.5025999853963959
tmax,85,70,30.08,32.82,1.1732118457048109,-0.9234383265030023,3.232357818514341,0.3971511554698884
tmax,85,70,30.08,32.82,0.8853076758131562,-0.6506578304342302,2.423729999875417,0.5217024720915113
tmax,85,70,30.08,32.82,0.9412165861126746,-0.27279565344945955,2.563097751430934,0.76124833020648075
tmax,85,70,30.08,32.82,0.5315568202537544,-0.13794145736027486,1.7015793007572284,0.8711496896554358
tmax,85,70,30.08,32.82,0.917096521268345,-1.070899100122097,2.5020152853242017,0.34270025701806306
tmax,85,70,30.08,32.82,0.8667668058778046,-0.47798087517250987,2.379205969786808,0.6200340549129414
tmax,85,70,30.08,32.82,1.156489374003506,-0.4234976252996079,3.178754247605344,0.6547527305061535
tmax,85,70,30.08,32.82,1.3679330104589154,-0.04419090316084456,3.927224767739383,0.9567712893742959
tmax,85,70,30.08,32.82,0.9253096144827283,-0.45983109722838633,2.5226491881821316,0.6313902800695096
tmax,85,70,30.08,32.82,1.1851409358355296,-0.6665525349716049,3.2711478109300955,0.5134757195426851
tmax,85,70,30.08,32.82,0.7428601348136922,-0.1859205889626611,2.1019387535707694,0.8303395304873541
tmax,85,70,30.08,32.82,1.5128253487425423,-0.5876601465748789,4.539538472029985,0.5556258479616785
tmax,85,70,30.08,32.82,1.2630634528850528,-0.578955804225368,3.5362380094856376,0.5604833154214053
tmax,85,70,30.08,32.82,1.4239220872421716,-0.09308944395164755,4.153378449373417,0.9111120031935243
tmax,85,70,30.08,32.82,1.0127169382477434,-0.35156208854861454,2.753070786286291,0.7035881638378928
tmax,85,70,30.08,32.82,0.24315916684370076,0.01831364641975251,1.2752715889190673,1.0184823696477205
tmax,85,70,30.08,32.82,0.9011905546654614,-0.5285342250092213,2.462533146953924,0.589468364739218
tmax,85,70,30.08,32.82,1.2603436243520947,-0.27393252131046536,3.5266331162005033,0.7603833832040088
tmax,85,70,30.08,32.82,0.6554453844337187,-0.5358724361408077,1.9260001368572985,0.5851585539142786
tmax,85,70,30.08,32.82,1.3869473079995878,-0.4474637808034693,4.002612640383659,0.6392473688571273
tmax,85,70,30.08,32.82,1.3738948116149343,-0.48584542075906484,3.9507080326219244,0.6151768935414054
tmax,85,70,30.08,32.82,0.9827091713621067,-0.2623084724654977,2.6716844973458778,0.7692736873526124
tmax,85,70,30.08,32.82,1.3009919522431987,-0.20599391055084887,3.6729382405142523,0.8138380320931453
tmax,85,70,30.08,32.82,1.1845741946797197,-0.5023518861945138,3.2692944420787144,0.605105844785549
tmax,85,70,30.08,32.82,1.408055952154012,-1.1435478487609978,4.088000405744684,0.31868636273565387
tmax,85,70,30.08,32.82,0.8715259214266124,-0.7924226411547713,2.390555872237895,0.4527466229792494
tmax,85,70,30.08,32.82,1.2509711876139602,-0.26826230937413914,3.4937343818987374,0.7647071649344298
tmax,85,70,30.08,32.82,0.9922171270668904,-1.005995687061112,2.6972079006190643,0.3656803502841388
tmax,85,70,30.08,32.82,1.7062837598856189,-0.31807453778002043,5.50845266063716,0.7275485565391973
tmax,85,70,30.08,32.82,1.2483477528146667,-0.5914012148052731,3.484580809691595,0.553551097065994
tmax,85,70,30.08,32.82,1.1439631748224703,-0.12828306729634462,3.1391848830102407,0.8796043566741512
tmax,85,70,30.08,32.82,0.3626847572458615,-0.27666970939457625,1.4371827263806722,0.7583049167426525
tmax,85,70,30.08,32.82,1.044116589335047,-0.6056950394508469,2.8408877442591973,0.5456950152383161
tmax,85,70,30.08,32.82,1.482696715942248,-0.7368816623355943,4.404808195296782,0.4786040399620993
tmax,85,70,30.08,32.82,0.6705280284489887,0.27718684874859684,1.9552694860196722,1.3194128786496804
tmax,85,70,30.08,32.82,1.3028015208410944,-0.3743607921611941,3.6795906914341296,0.68772873992404
tmax,85,70,30.08,32.82,1.3293028676359706,-0.072812349580343,3.7784084184213573,0.9297752863795526
tmax,85,70,30.08,32.82,1.1345085457241748,-0.7588027622250854,3.1096449190197717,0.46822667022763653
tmax,85,70,30.08,32.82,0.5060617829432192,-0.39018033231757693,1.6587458137829725,0.6769347902710517
tmax,85,70,30.08,32.82,0.5692469356698179,-0.15126925909853442,1.766935933862552,0.859616208009868
tmax,85,70,30.08,32.82,1.1144552933693035,-0.7318143800322379,3.04790751150413,0.4810354167778626
tmax,85,70,30.08,32.82,0.7178089144765532,-0.5757655363650108,2.0499366996961044,0.5622742626104961
tmax,85,70,30.08,32.82,0.9064526956603288,-0.656265170588631,2.4755254973876752,0.5187852953158877
tmax,85,70,30.08,32.82,1.6368357623052459,-0.759106257239461,5.138883111152158,0.4680845873294409
tmax,85,70,30.08,32.82,1.3874090512664372,-0.283517682009062,4.00446124657805,0.7531298051742895
tmax,85,70,30.08,32.82,0.6951746577323238,-0.20605224829454746,2.0040590677879426,0.8137905560034543
tmax,85,70,30.08,32.82,1.1483500153619401,-0.5619067725611712,3.152986236551339,0.5701209358151974
tmax,85,70,30.08,32.82,1.29617931353641,-0.38282721984223667,3.655304182980141,0.6819307132039548
tmax,85,70,30.08,32.82,1.447407381430698,-0.5002112278128004,4.252076200566428,0.6064025570978798
tmax,85,70,30.08,32.82,1.592013651749213,-0.40677877103759225,4.913633319454661,0.6657914663653391
tmax,85,70,30.08,32.82,0.8270539720941086,-0.6719173090079069,2.286572501441438,0.5107284142593718
tmax,85,70,30.08,32.82,1.2856398905768955,-0.5106927853039783,3.6169816893706304,0.6000797083712589
tmax,85,70,30.08,32.82,0.5499111860755296,-0.10759220782172439,1.7330990877004506,0.8979937165886583
tmax,85,70,30.08,32.82,0.6098702878951117,-0.24154601607251122,1.8401926880331705,0.7854126613514488
tmax,85,70,30.08,32.82,1.2638553389288518,-0.10191637471349133,3.539039416063894,0.9031050709314768
tmax,85,70,30.08,32.82,1.0325170950865803,-0.3083506159508129,2.8081252646497674,0.7346576901429368
tmax,85,70,30.08,32.82,1.0999130856253185,-0.7660849217033455,3.0039049300815917,0.46482935385612245
tmax,85,70,30.08,32.82,1.1227464405127332,-0.38931636486382226,3.073283212630621,0.6775198926164566
tmax,85,70,30.08,32.82,0.2527474846111432,-0.43499366915514476,1.2875581075450309,0.6472687648231933
tmax,85,70,30.08,32.82,1.3080665806145293,-0.7374784769243452,3.6990150466904246,0.4783184873082855
tmax,85,70,30.08,32.82,1.2440114318608817,-0.17351177781157953,3.4695032630781335,0.8407072494119937
tmax,85,70,30.08,32.82,1.0969328410966126,-0.41540613331567083,2.994965885734243,0.6600721489696101
tmax,85,70,30.08,32.82,1.2793149235349086,-1.1545450284123744,3.5941765961522134,0.31520091174443804
tmax,85,70,30.08,32.82,1.2841443374997727,-0.593527550988825,3.6115763442729443,0.5523753118392006
tmax,85,70,30.08,32.82,1.5239293998224728,-0.46363667788114593,4.590226640287808,0.6289920396783177
tmax,85,70,30.08,32.82,0.8628519084935473,-0.24960197471345819,2.369909831146545,0.7791108271748493
tmax,85,70,30.08,32.82,0.7194100410416079,-0.38542006775924004,2.053221536820907,0.6801648608572709
tmax,85,70,30.08,32.82,0.8222490637151162,-0.02011600816690173,2.275612083060203,0.9800849688509158
tmax,85,70,30.08,32.82,0.9190175031044889,-0.19596289435808034,2.5068262306309044,0.8220427365357121
tmax,85,70,30.08,32.82,0.984596507952939,0.12373308755933066,2.6767316265745413,1.1317137622002624
tmax,85,70,30.08,32.82,1.1786739832299387,-0.367815378547956,3.2500617079727703,0.6922449731639593
tmax,85,70,30.08,32.82,1.0837275984858163,-0.3860342896075955,2.9556766176920677,0.6797472170153652
tmax,85,70,30.08,32.82,1.4998169275121387,-0.10688771696276055,4.480868671468659,0.898626567846191
tmax,85,70,30.08,32.82,1.4270928676845953,-0.6090957021228409,4.166568801334539,0.543842442342789
tmax,85,70,30.08,32.82,1.7493023468662614,-0.45434010754767945,5.750589359529583,0.6348667735417948
tmax,85,70,30.08,32.82,0.6612105017378092,-0.908959905113827,1.937135821996866,0.4029431052209425
tmax,85,70,30.08,32.82,1.1596553752291368,-0.4032133802893464,3.1888341354982543,0.6681695099078594
tmax,85,70,30.08,32.82,1.2793022387677393,-0.38696706496475425,3.594131005148082,0.679113461184098
tmax,85,70,30.08,32.82,1.1780198074051837,-0.6052653023735929,3.2479362914483034,0.5459295710142837
tmax,85,70,30.08,32.82,1.8115200720383753,-0.21356067769874792,6.1197428155506,0.8077031490952803
tmax,85,70,30.08,32.82,1.1209870727214708,-0.6491606069843139,3.067880930826701,0.522484162303039
tmax,85,70,30.08,32.82,0.7537078859000035,-0.4407211071320992,2.124864181828255,0.6435721692343437
tmax,85,70,30.08,32.82,0.0287984835941854,-0.8667496134818329,1.0292171694312717,0.420315519229035
tmax,85,70,30.08,32.82,1.2963714668776603,-0.5191645247733465,3.6560066293787368,0.595017462710833
tmax,85,70,30.08,32.82,0.9961797539272886,0.09478407288816601,2.707917133427532,1.0994214345991997
tmax,85,70,30.08,32.82,1.3138144805634533,-0.22609486044412744,3.720337837015283,0.797642433361283
tmax,85,70,30.08,32.82,1.2308280996514673,-0.5385341400813634,3.4240638286525558,0.5836031060746164
tmax,85,70,30.08,32.82,0.8052766403506971,-0.30413560361043135,2.2373153449187777,0.7377608166368158
tmax,85,70,30.08,32.82,1.400640265861764,-0.41994480454179717,4.05779720431859,0.6570830868162149
tmax,85,70,30.08,32.82,1.2469789029582103,-0.6125273526081415,3.479814204877881,0.541979363707284
tmax,85,70,30.08,32.82,0.6644288318663806,-0.2515305417703803,1.9433802074330635,0.7776097076699496
tmax,85,70,30.08,32.82,1.7523476550789463,-0.729363558151572,5.768128368823874,0.4822157947599389
tmax,85,70,30.08,32.82,0.4920946342205626,-0.5257195715468552,1.6357389087576042,0.591129851070218
tmax,85,70,30.08,32.82,0.5571414695715546,-0.680941244155522,1.7456752954176247,0.5061403664283147
tmax,85,70,30.08,32.82,1.3415786293899556,0.4062311473162065,3.825077120853778,1.501149499036517
tmax,85,70,30.08,32.82,1.2811018193026813,-0.4451222500103754,3.6006047566164447,0.6407459400463101
tmax,85,70,30.08,32.82,1.424978473334674,-0.7546890702491266,4.157768338905116,0.47015677773591985
tmax,85,70,30.08,32.82,0.9584734669668115,-0.07677593581800533,2.6077126739581376,0.9260973356029347
tmax,85,70,30.08,32.82,1.1526172789373037,-0.423589219741732,3.1664696079615515,0.6546927615415273
tmax,85,70,30.08,32.82,1.2377015707028862,-0.8559560949552539,3.447680102164789,0.4248767742862097
tmax,85,70,30.08,32.82,0.627777038142541,-0.44972123934405694,1.8734413582899487,0.6378059220401152
tmax,85,70,30.08,32.82,1.0778098331260035,-0.11568363558209599,2.9382372688699854,0.8907569825400984
tmax,85,70,30.08,32.82,1.040046711684539,-0.7409261672633249,2.829349174930924,0.47667223279921334
tmax,85,70,30.08,32.82,0.5840132392680542,-0.7552275927883308,1.7932206326221425,0.46990365587618
tmax,85,70,30.08,32.82,1.0371009260418345,-0.9300840940665415,2.82102678276313,0.3945205321406927
tmax,85,70,30.08,32.82,0.8164098074086196,-0.9068307705165738,2.2623629211255185,0.4038019392892172
tmax,85,70,30.08,32.82,1.3591218733215822,-0.24319968746468354,3.8927734522629462,0.7841149202167532
tmax,85,70,30.08,32.82,1.4989221386454188,0.1366440037364207,4.476861033330581,1.1464199546466152
tmax,85,70,30.08,32.82,1.470830519526914,-0.953259032273941,4.3528487661599256,0.3854826735925868
tmax,85,70,30.08,32.82,1.3581206275780275,-0.01884904734370791,3.888877780001329,0.9813274850533201
tmax,85,70,30.08,32.82,0.27592929208764355,-0.9585537766848936,1.3177546850503188,0.38344703520918233
tmax,85,70,30.08,32.82,1.2705965625529323,-0.03232696415313551,3.5629774674071073,0.9681899669085081
tmax,85,70,30.08,32.82,1.6598597986851353,-1.194423512954098,5.258573533838391,0.30287850940004885
tmax,85,70,30.08,32.82,1.9661117896455513,-0.5696850667551333,7.142849523380625,0.5657035695091861
tmax,85,70,30.08,32.82,0.9605922930350315,-0.1432805306299237,2.6132438212503772,0.8665109519330245
tmax,85,70,30.08,32.82,0.04188080499224467,-0.585727660818586,1.0427701783434218,0.5567006251600264
tmax,85,70,30.08,32.82,0.9461964076280912,-0.30882544817157775,2.57589335422591,0.7343089338073496
tmax,85,70,30.08,32.82,1.4066802324614558,-0.45334698434296616,4.082380329794285,0.6354975876527189
tmax,85,70,30.08,32.82,1.4852166585417192,0.07881886004018782,4.415922056375412,1.082008309376308
tmax,85,70,30.08,32.82,1.162985206267994,-0.0689337511582941,3.1994701125562304,0.9333885139378785
tmax,85,70,30.08,32.82,1.7640239767355297,-0.150905751259025,5.8358736290618625,0.8599287420412928
tmax,85,70,30.08,32.82,1.3448902483887448,0.04540093834851177,3.8377653165582473,1.0464473366779083
tmax,85,70,30.08,32.82,1.5859884741563963,-0.6056329494855011,4.8841168164593665,0.5457288984747952
tmax,85,70,30.08,32.82,0.8384009932956511,-0.4229782108311969,2.3126660501472873,0.6550929068862288
tmax,85,70,30.08,32.82,1.5785713071905314,-0.8035050162169456,4.84802452329924,0.44775681562373476
tmax,85,70,30.08,32.82,1.2247713033116103,-0.5801419949894876,3.403387650296816,0.5598188694469572
tmax,85,70,30.08,32.82,0.940172601654392,-0.5283529165866944,2.560423313492109,0.5895752500078654
tmax,85,70,30.08,32.82,0.1953744177388933,-0.2764180233105751,1.2157661056783764,0.7584957955573894
tmax,85,70,30.08,32.82,1.270698343928216,-0.6880394995445596,3.5633401306097117,0.5025603737274964
tmax,85,70,30.08,32.82,0.7361125816717918,-0.8291090138799784,2.087803552769965,0.43643797331493805
tmax,85,70,30.08,32.82,0.9283221172339545,-0.5593553989768867,2.530260134043696,0.571577384492962
tmax,85,70,30.08,32.82,0.7701824957355609,-1.2895485631997252,2.1601604378834036,0.2753950785049309
tmax,85,70,30.08,32.82,1.1894297873476407,-0.020922640721523965,3.285207406372629,0.9792947191721516
tmax,85,70,30.08,32.82,1.1757430479946571,-0.6246523028628765,3.2405499336025057,0.5354475697438091
tmax,85,70,30.08,32.82,0.8263353753846843,-0.570384652220902,2.284929968196216,0.5653079499150183
tmax,85,70,30.08,32.82,1.6258342513656883,-0.7252110308392082,5.082657482916137,0.4842223723188269
tmax,85,70,30.08,32.82,1.2533511506603032,-0.8006292464951881,3.502059243122945,0.44904631437886927
tmax,85,70,30.08,32.82,1.714020698190988,-0.12467226506986444,5.551236513625403,0.8827861750450644
tmax,85,70,30.08,32.82,0.9409219791313831,0.09718786064338839,2.5623427561585297,1.1020673892641604
tmax,85,70,30.08,32.82,1.2613035083165716,-0.24845577475789804,3.5300198999770145,0.7800043559538322
tmax,85,70,30.08,32.82,0.9791771976558459,-1.0275798979336654,2.6622648227637082,0.357872000171978
tmax,85,70,30.08,32.82,1.3271912854477463,-0.45659348971558344,3.770438416124001,0.6334377867066946
tmax,85,70,30.08,32.82,1.2152360361893932,-0.4026607339730091,3.3710896695818073,0.6685388733804792
tmax,85,70,30.08,32.82,1.0715001791273906,-0.11038870908502067,2.9197563736777092,0.8954859840986173
tmax,85,70,30.08,32.82,0.7717394251681454,-0.6446416012842576,2.1635262747535857,0.5248506141882652
tmax,85,70,30.08,32.82,0.972348081156232,-0.8792376513050149,2.6441458448593016,0.41509924145447846
tmax,85,70,30.08,32.82,1.044378348865815,0.04744618008770915,2.8416314710366386,1.0485897645934348
tmax,85,70,30.08,32.82,1.5091093054289033,-0.6228781780523603,4.52270065484905,0.5363983637262324
tmax,85,70,30.08,32.82,0.5797500846176064,-0.17635820549241144,1.7855921280439613,0.8383176395650135
tmax,85,70,30.08,32.82,1.3629157321192389,-1.3740420164730198,3.9075701355878687,0.25308192802910223
tmax,85,70,30.08,32.82,0.549573376262569,-0.29496812630464914,1.7325137286973664,0.7445553188171082
tmax,85,70,30.08,32.82,0.8056839826360114,-0.4555997170327615,2.2382268837058876,0.6340675927655871
tmax,85,70,30.08,32.82,1.0483406047823822,-0.6113656712247515,2.8529130776922154,0.542609336887496
tmax,85,70,30.08,32.82,2.142461048162047,-0.5716341115285418,8.52038091488819,0.5646020617164372
tmax,85,70,30.08,32.82,1.835029330149009,-0.4469600339386775,6.265317905448603,0.6395694688366315
tmax,85,70,30.08,32.82,1.4545218487225922,-0.6055267362292671,4.282435324059776,0.5457868651964859
tmax,85,70,30.08,32.82,1.221652839211445,-0.12088196503459545,3.392790839565011,0.8861385487531109
tmax,85,70,30.08,32.82,1.8826117278573469,-1.1586171867289072,6.570643204003469,0.31391997359186774
tmax,85,70,30.08,32.82,1.584533472914741,-0.4316102534649382,4.877015587828058,0.6494624531048654
tmax,85,70,30.08,32.82,1.5628366567737595,-0.3046320566745588,4.772339551991615,0.7373946439201076
tmax,85,70,30.08,32.82,1.233392514921486,-0.16774860137506076,3.4328558185586804,0.8455663821922417
tmax,85,70,30.08,32.82,0.8766425748241724,-0.2820303016728384,2.4028188640491015,0.7542508291249499
tmax,85,70,30.08,32.82,1.2786622205761708,-0.6350186662714395,3.5918314318847644,0.5299255964902202
tmax,85,70,30.08,32.82,1.2403597850879906,0.04208544158410972,3.4568569666404594,1.042983589113898
tmax,85,70,30.08,32.82,1.2304900923165734,-0.2177560014616567,3.4229066655391533,0.8043216710378372
tmax,85,70,30.08,32.82,0.6007028355422188,-0.4003956729206223,1.8233999003941401,0.6700548710100207
tmax,85,70,30.08,32.82,1.5121727766593784,-0.3562352774912272,4.536577062324434,0.700307834180475
tmax,85,70,30.08,32.82,1.117707675281878,-0.6764850032283272,3.057836608621194,0.5084008828061054
tmax,85,70,30.08,32.82,1.225023994529902,-0.34338425585516497,3.4042477651356444,0.7093655813056082
tmax,85,70,30.08,32.82,1.4635398573209082,-0.11427419223017601,4.321229020672612,0.8920133392211191
tmax,85,70,30.08,32.82,0.5502550278840639,-0.3548239620239099,1.7336951020865947,0.7012968872275018
tmax,85,70,30.08,32.82,1.102421942748949,-0.5960347146997313,3.0114507601108307,0.5509921511322529
tmax,85,70,30.08,32.82,1.2537094453368363,-0.7429184378694265,3.503314237122068,0.47572351808308255
tmax,85,70,30.08,32.82,1.272791020395326,-0.3957240058088879,3.570804856549315,0.6731924675108031
tmax,85,70,30.08,32.82,1.0402933384830924,-0.87332602335961,2.830047054314268,0.41756042135267185
tmax,85,70,30.08,32.82,1.2696015967017937,-0.4111891555195733,3.5594341895112223,0.6628615358232357
tmax,85,70,30.08,32.82,1.1660051414788817,-0.08448807066328999,3.209146909300559,0.9189826181645249
tmax,85,70,30.08,32.82,1.2175853961859477,-0.5159799478977671,3.379018883438137,0.5969153619622154
tmax,85,70,30.08,32.82,1.3357376354166375,-0.5142759049217474,3.802799992066976,0.597933398534736
tmax,85,70,30.08,32.82,0.8404610319425294,-0.35045738913900887,2.3174351421582675,0.7043658467409242
tmax,85,70,30.08,32.82,1.2701326971458957,-0.6102987653152177,3.5613251086795814,0.5431885589283553
tmax,85,70,30.08,32.82,1.4309689750071977,-0.3495608815921467,4.182750209353176,0.7049975991813817
tmax,85,70,30.08,32.82,1.5422312312947664,-0.4807195522906017,4.675009670500494,0.6183383049500177
tmax,85,70,30.08,32.82,0.9610764588624257,-0.6889200104252845,2.6145093709505125,0.502118058610422
tmax,85,70,30.08,32.82,1.6878791857042335,-0.4534385208381018,5.407999172379053,0.6354394190931917
tmax,85,70,30.08,32.82,1.760024507820672,-0.26790362524582284,5.812579846321504,0.7649815024546175
tmax,85,70,30.08,32.82,0.8319940487746327,0.12154501006160057,2.2978962921020822,1.1292401919519093
tmax,85,70,30.08,32.82,1.2879261011124337,-0.4651814010614592,3.6252603307684383,0.62802117114901
tmax,85,70,30.08,32.82,1.1196732506936538,-0.36556170152719,3.0638529278999522,0.6938068290510176
tmax,85,70,30.08,32.82,0.722828816186225,0.010798262943092657,2.0602530523138727,1.0108567746028294
tmax,85,70,30.08,32.82,0.7377327911511211,-0.7923961140797767,2.0911889736820837,0.4527586331821678
tmax,85,70,30.08,32.82,0.814810168547002,-0.36325639927118186,2.258746850452471,0.6954081085066779
tmax,85,70,30.08,32.82,1.192730128267581,-0.40780304663215605,3.2960676221559657,0.6651098615504524
tmax,85,70,30.08,32.82,0.7445023235711183,-0.6910358217105332,2.10539336955008,0.5010567946685089
tmax,85,70,30.08,32.82,0.8202046564406233,-0.524216382354317,2.270964557499936,0.5920190992604242
tmax,85,70,30.08,32.82,1.1099707916133617,-0.5461207545441463,3.0342697670168297,0.5791922870572229
tmax,85,70,30.08,32.82,0.683930270839431,0.031520903379390994,1.9816508715875183,1.0320229481374008
tmax,85,70,30.08,32.82,0.7282097589233518,-0.46447483315355215,2.0713690364278476,0.6284650675570408
tmax,85,70,30.08,32.82,0.9104440034575566,-0.5056961312558301,2.485425826094089,0.6030856025280087
tmax,85,70,30.08,32.82,1.3291616721172201,-0.6132031155004393,3.7778749617463996,0.5416132378859542
tmax,85,70,30.08,32.82,0.6735694062084903,-0.37816420313137616,1.9612252514236135,0.6851179929092622
tmax,85,70,30.08,32.82,0.6030294850606315,-0.5084880587654839,1.8276472520275673,0.601404179541385
tmax,85,70,30.08,32.82,0.6031122083970759,-0.22895815153489357,1.8277984473597033,0.7953618174799133
tmax,85,70,30.08,32.82,0.8841488344471052,-0.1934955008745526,2.4209229080926007,0.8240735437970218
tmax,85,70,30.08,32.82,1.7486468205371755,-0.8073971276467249,5.746820932083301,0.4460174832373085
tmax,85,70,30.08,32.82,1.6457957588400218,-0.44316682420063946,5.185134382208379,0.6420000970007737
tmax,85,70,30.08,32.82,1.051161391304215,-0.05567852730702359,2.8609718972109115,0.945843149766187
tmax,85,70,30.08,32.82,1.3635799209638375,0.15530959004521336,3.9101663621783396,1.1680195123495427
tmax,85,70,30.08,32.82,1.4018353241120063,-1.0570089759223644,4.062649407100426,0.3474936192826681
tmax,85,70,30.08,32.82,2.1010596655529046,-0.8741200977993814,8.174827908002758,0.41722897890741856
tmax,85,70,30.08,32.82,1.1441835922794246,0.20645424280709854,3.1398768904215184,1.2293114830874576
tmax,85,70,30.08,32.82,1.3502617516177504,-0.435282178329947,3.858435350225168,0.6470820487819195
tmax,85,70,30.08,32.82,1.3994054707947827,-0.19804506804539931,4.052789748574959,0.8203328815051715
tmax,85,70,30.08,32.82,1.1545303508710358,-0.5088787704320366,3.1725330901871085,0.6011692498100066
tmax,85,70,30.08,32.82,1.1135179548846617,-0.45853552766254657,3.0450519290287206,0.6322088202238976
tmax,85,70,30.08,32.82,1.722686125092921,-0.1123707521401596,5.599549371302063,0.8937128501172861
tmax,85,70,30.08,32.82,0.5376857708451585,0.1044260102924312,1.7120402207034942,1.1100732568319538
tmax,85,70,30.08,32.82,1.1574049216904494,-0.21497921579999807,3.1816658813704954,0.8065582036701366
tmax,85,70,30.08,32.82,0.69158255303365,0.03523922144362418,1.9968731917304376,1.0358674808764232
tmax,85,70,30.08,32.82,1.3982957714758049,-0.26707047604782647,4.04829486499689,0.7656191117548258
tmax,85,70,30.08,32.82,1.9799565045303662,-0.35282945861768966,7.242427965504449,0.7026970220805657
tmax,85,70,30.08,32.82,1.8995604554888974,-0.004822394286380088,6.682956339836059,0.9951892147882713
tmax,85,70,30.08,32.82,0.6236616448880524,-0.6411557911327894,1.8657472533543775,0.5266833361919256
tmax,85,70,30.08,32.82,1.3668094139733296,-0.6495940671681818,3.922814629863926,0.5222577352990696
tmax,85,70,30.08,32.82,0.6471774280693866,-0.5547789433873763,1.9101417005367536,0.5741991776932459
tmax,85,70,30.08,32.82,0.574566933219302,-0.2948065759275317,1.7763610773414178,0.7446756117260688
tmax,85,70,30.08,32.82,1.8884010754626444,-1.2033328966903927,6.608793266934765,0.3001920337260339
tmax,85,70,30.08,32.82,1.3032418509252508,-0.9418464120278418,3.6812112826843064,0.38990724088677836
tmax,85,70,30.08,32.82,1.4975981113085777,-0.7142588599656905,4.470937469284935,0.489554806041863
tmax,85,70,30.08,32.82,1.027172213942404,-0.5661220630509964,2.7931562084214563,0.5677227684933778
tmax,85,70,30.08,32.82,1.8740801768015525,-0.6508907256751979,6.514823877334848,0.5215809842160833
tmax,85,70,30.08,32.82,1.7105350327373154,-0.24757919703122852,5.531920444519382,0.7806883901597408
tmax,85,70,30.08,32.82,0.4098181281531303,-0.8029211876243005,1.506543762298652,0.44801830518036
tmax,85,70,30.08,32.82,1.149690764511373,-0.4320994181323703,3.1572164353502026,0.6491448367096752
tmax,85,70,30.08,32.82,0.6265796500164392,-0.3850574291094704,1.8711994643290462,0.6804115596525884
tmax,85,70,30.08,32.82,0.4009597977056654,-0.1618572898045583,1.4932572349263487,0.8505625798312844
tmax,85,70,30.08,32.82,1.2848993602146654,-0.6796927709482969,3.6143041961149045,0.50677266373589
tmax,85,70,30.08,32.82,1.0381440790955603,-0.6213295372000537,2.8239710808760043,0.537229695696587
tmax,85,70,30.08,32.82,1.6682022468573432,-0.20864173766413965,5.302626409928671,0.8116859800741186
tmax,85,70,30.08,32.82,1.400084472643203,0.12536278270998197,4.0555425347731955,1.1335596143100273
tmax,85,70,30.08,32.82,1.0175749321289138,0.07916468336193516,2.7664777263698554,1.0823825577922002
tmax,85,70,30.08,32.82,1.540644916231859,-0.04737241338062122,4.667599511218493,0.953732148831028
tmax,85,70,30.08,32.82,0.7249767977151493,-0.08360323581391335,2.0646831940431305,0.9197961258679546
tmax,85,70,30.08,32.82,0.8914422454518399,-0.9512240642943434,2.4386442397945145,0.3862679171918471
tmax,85,70,30.08,32.82,1.1472191748198464,-0.6638326123718076,3.1494227271465878,0.5148742348211904
tmax,85,70,30.08,32.82,0.8841584050628853,-0.16890258862649377,2.420946077926462,0.8445911721651438
tmax,85,70,30.08,32.82,0.8545150583877542,-0.6794709377091726,2.350234377731542,0.5068850952274462
tmax,85,70,30.08,32.82,0.8355769762567882,0.27832619576705386,2.306144254981123,1.3209170044770118
