epi_id,study,year,location,state,lat,lon,lat_r,lon_r,planting_date,assessment_date_obs,sev_pct,sev,sev_beta,has_sev,has_weather,siteyear
1,1,2013,Campo Verde,MT,-15.55,-55.17,-15.55,-55.17,2012-10-18,,40.0,0.4,0.4004672897196262,True,True,Campo Verde_MT_2013
2,3,2013,Deciolândia,MT,-14.18,-57.5,-14.18,-57.5,2012-11-09,,48.5,0.485,0.4850700934579439,True,True,Deciolândia_MT_2013
3,5,2013,Rio Verde,GO,-17.79,-50.91,-17.79,-50.91,2012-10-17,,41.13,0.4113,0.4117144859813084,True,True,Rio Verde_GO_2013
4,8,2013,Palmeira,PR,-25.43,-49.99,-25.43,-49.99,2013-01-04,,45.68,0.4568,0.4570018691588785,True,True,Palmeira_PR_2013
5,9,2013,Porangatu,GO,-13.43,-49.14,-13.43,-49.14,2013-01-22,,29.5,0.295,0.2959579439252336,True,True,Porangatu_GO_2013
6,10,2013,Planaltina,DF,-15.48,-47.63,-15.48,-47.63,2012-11-13,,26.5,0.265,0.2660981308411215,True,True,Planaltina_DF_2013
7,11,2013,Uberlândia,MG,-18.91,-48.26,-18.91,-48.26,2012-11-07,,46.25,0.4625,0.46267523364485985,True,True,Uberlândia_MG_2013
8,12,2013,Nova Xavantina,MT,-14.67,-52.35,-14.67,-52.35,2012-11-10,,22.25,0.2225,0.22379672897196262,True,True,Nova Xavantina_MT_2013
9,1,2014,Chapadão do Sul,MS,-18.79,-52.61,-18.79,-52.61,2013-10-13,,28.13,0.2813,0.2823219626168224,True,True,Chapadão do Sul_MS_2014
10,2,2014,Campo Verde,MT,-15.55,-55.17,-15.55,-55.17,2013-10-18,,51.25,0.5125,0.5124415887850468,True,True,Campo Verde_MT_2014
11,3,2014,Primavera do Leste,MT,-15.55,-54.29,-15.55,-54.29,2013-10-14,,6.75,0.0675,0.06952102803738318,True,True,Primavera do Leste_MT_2014
12,4,2014,Sorriso,MT,-12.54,-55.72,-12.54,-55.72,2013-10-07,,22.5,0.225,0.22628504672897198,True,True,Sorriso_MT_2014
13,5,2014,Rio Verde,GO,-17.79,-50.91,-17.79,-50.91,2013-11-01,,18.5,0.185,0.18647196261682245,True,True,Rio Verde_GO_2014
14,6,2014,Deciolândia,MT,-14.18,-57.5,-14.18,-57.5,2013-11-11,,33.25,0.3325,0.3332827102803739,True,True,Deciolândia_MT_2014
15,7,2014,Maracaju,MS,-21.62,-55.16,-21.62,-55.16,2013-10-24,,7.78,0.07780000000000001,0.07977289719626168,True,True,Maracaju_MS_2014
16,8,2014,Porangatu,GO,-13.43,-49.14,-13.43,-49.14,2013-12-12,,12.48,0.12480000000000001,0.1265532710280374,True,True,Porangatu_GO_2014
17,9,2014,Porangatu,GO,-13.43,-49.14,-13.43,-49.14,2013-12-12,2024-10-20,20.1,0.201,0.20239719626168226,True,True,Porangatu_GO_2014
18,10,2014,Porto Nacional,TO,-10.7,-48.41,-10.7,-48.41,2013-12-20,,41.05,0.4105,0.4109182242990654,True,True,Porto Nacional_TO_2014
19,11,2014,Querência,MT,-12.57,-52.21,-12.57,-52.21,2014-02-01,,11.0,0.11,0.11182242990654205,True,True,Querência_MT_2014
20,12,2014,Nova Xavantina,MT,-14.67,-52.35,-14.67,-52.35,2014-01-31,,18.0,0.18,0.18149532710280372,True,True,Nova Xavantina_MT_2014
21,13,2014,Londrina,PR,-23.29,-51.17,-23.29,-51.17,2013-10-18,,14.5,0.145,0.14665887850467288,True,True,Londrina_PR_2014
22,14,2014,Rio Verde,GO,-17.79,-50.91,-17.79,-50.91,2013-09-19,,24.75,0.2475,0.24867990654205607,True,True,Rio Verde_GO_2014
23,15,2014,Brasília,DF,-15.78,-47.92,-15.78,-47.92,2013-09-09,,12.38,0.12380000000000001,0.12555794392523364,True,True,Brasília_DF_2014
24,16,2014,Palmeira,PR,-25.43,-49.99,-25.43,-49.99,2013-12-12,,29.35,0.29350000000000004,0.29446495327102806,True,True,Palmeira_PR_2014
25,1,2015,Chapadão do Sul,MS,-18.79,-52.61,-18.79,-52.61,2014-10-22,,17.0,0.17,0.17154205607476636,True,True,Chapadão do Sul_MS_2015
26,2,2015,Lucas do Rio Verde,MT,-13.07,-55.9,-13.07,-55.9,2014-10-24,,36.25,0.3625,0.36314252336448594,True,True,Lucas do Rio Verde_MT_2015
27,3,2015,Londrina,PR,-23.29,-51.17,-23.29,-51.17,2014-10-27,,6.5,0.065,0.06703271028037383,True,True,Londrina_PR_2015
28,4,2015,Maracaju,MS,-21.62,-55.16,-21.62,-55.16,2014-10-03,,17.75,0.1775,0.1790070093457944,True,True,Maracaju_MS_2015
29,5,2015,São Gabriel do Oeste,MS,-19.39,-54.57,-19.39,-54.57,2014-10-08,,31.0,0.31,0.31088785046728973,True,True,São Gabriel do Oeste_MS_2015
30,6,2015,Rio Verde,GO,-17.79,-50.91,-17.79,-50.91,2014-10-22,,14.0,0.14,0.1416822429906542,True,True,Rio Verde_GO_2015
31,7,2015,Rio Verde,GO,-17.79,-50.91,-17.79,-50.91,2014-10-25,,20.63,0.20629999999999998,0.20767242990654203,True,True,Rio Verde_GO_2015
32,8,2015,Palmeira,PR,-25.43,-49.99,-25.43,-49.99,2014-09-08,,10.45,0.1045,0.10634813084112149,True,True,Palmeira_PR_2015
33,9,2015,Deciolândia,MT,-14.18,-57.5,-14.18,-57.5,2014-10-28,,25.13,0.25129999999999997,0.25246214953271023,True,True,Deciolândia_MT_2015
34,10,2015,Luís Eduardo Magalhães,BA,-12.09,-45.79,-12.09,-45.79,2014-12-03,,45.0,0.45,0.4502336448598131,True,True,Luís Eduardo Magalhães_BA_2015
35,11,2015,Querência,MT,-12.57,-52.21,-12.57,-52.21,2014-09-16,,22.25,0.2225,0.22379672897196262,True,True,Querência_MT_2015
36,12,2015,Nova Mutum,MT,-13.83,-56.08,-13.83,-56.08,2014-10-23,,22.5,0.225,0.22628504672897198,True,True,Nova Mutum_MT_2015
37,13,2015,Campo Verde,MT,-15.55,-55.17,-15.55,-55.17,2014-10-21,,46.25,0.4625,0.46267523364485985,True,True,Campo Verde_MT_2015
38,14,2015,Primavera do Leste,MT,-15.55,-54.29,-15.55,-54.29,2014-10-23,,28.75,0.2875,0.2884929906542056,True,True,Primavera do Leste_MT_2015
39,15,2015,Porto Nacional,TO,-10.7,-48.41,-10.7,-48.41,2014-12-20,,52.0,0.52,0.5199065420560748,True,True,Porto Nacional_TO_2015
40,16,2015,Porto Nacional,TO,-10.7,-48.41,-10.7,-48.41,2014-12-20,,32.5,0.325,0.32581775700934584,True,True,Porto Nacional_TO_2015
41,17,2015,Uberlândia,MG,-18.91,-48.26,-18.91,-48.26,2014-12-03,,68.75,0.6875,0.686623831775701,True,True,Uberlândia_MG_2015
42,1,2016,Lucas do Rio Verde,MT,-13.07,-55.9,-13.07,-55.9,2015-10-29,,22.5,0.225,0.22628504672897198,True,True,Lucas do Rio Verde_MT_2016
43,2,2016,Chapadão do Sul,MS,-18.79,-52.61,-18.79,-52.61,2015-10-28,,5.0,0.05,0.05210280373831776,True,True,Chapadão do Sul_MS_2016
44,3,2016,Campo Verde,MT,-15.55,-55.17,-15.55,-55.17,2015-11-03,,24.75,0.2475,0.24867990654205607,True,True,Campo Verde_MT_2016
45,4,2016,Nova Xavantina,MT,-14.67,-52.35,-14.67,-52.35,2015-11-11,,9.38,0.09380000000000001,0.0956981308411215,True,True,Nova Xavantina_MT_2016
46,5,2016,Porto Nacional,TO,-10.7,-48.41,-10.7,-48.41,2015-11-27,,71.25,0.7125,0.7115070093457945,True,True,Porto Nacional_TO_2016
47,6,2016,Rio Verde,GO,-17.79,-50.91,-17.79,-50.91,2015-10-24,,27.0,0.27,0.2710747663551402,True,True,Rio Verde_GO_2016
48,7,2016,Campo Novo do Parecis,MT,-13.66,-57.88,-13.66,-57.88,2015-10-29,,45.5,0.455,0.4552102803738318,True,True,Campo Novo do Parecis_MT_2016
49,8,2016,Primavera do Leste,MT,-15.55,-54.29,-15.55,-54.29,2015-10-28,,16.25,0.1625,0.16407710280373833,True,True,Primavera do Leste_MT_2016
50,9,2016,Planaltina,DF,-15.48,-47.63,-15.48,-47.63,2015-12-16,,12.38,0.12380000000000001,0.12555794392523364,True,True,Planaltina_DF_2016
51,10,2016,Campo Grande,MS,-20.46,-54.62,-20.46,-54.62,2015-11-20,,26.8,0.268,0.2690841121495327,True,True,Campo Grande_MS_2016
52,11,2016,Maracaju,MS,-21.62,-55.16,-21.62,-55.16,2015-10-24,,32.68,0.3268,0.3276093457943925,True,True,Maracaju_MS_2016
53,12,2016,Naviraí,MS,-23.06,-54.2,-23.06,-54.2,2015-10-18,,14.44,0.1444,0.14606168224299065,True,True,Naviraí_MS_2016
54,13,2016,São Gabriel do Oeste,MS,-19.39,-54.57,-19.39,-54.57,2015-11-30,,8.68,0.0868,0.08873084112149533,True,True,São Gabriel do Oeste_MS_2016
55,14,2016,Porto Nacional,TO,-10.7,-48.41,-10.7,-48.41,2015-11-26,,75.18,0.7518,0.7506233644859813,True,True,Porto Nacional_TO_2016
56,1,2017,Sinop,MT,-11.85,-55.51,-11.85,-55.51,2016-10-13,,34.25,0.3425,0.3432359813084112,True,True,Sinop_MT_2017
57,2,2017,Rio Verde,GO,-17.79,-50.92,-17.79,-50.92,2016-10-15,,48.5,0.485,0.4850700934579439,True,True,Rio Verde_GO_2017
58,3,2017,Bonito,MS,-21.13,-56.49,-21.13,-56.49,2016-10-20,,27.64,0.2764,0.2774448598130841,True,True,Bonito_MS_2017
59,4,2017,Campo Grande,MS,-20.46,-54.62,-20.46,-54.62,2016-11-13,,10.68,0.10679999999999999,0.10863738317757007,True,True,Campo Grande_MS_2017
60,5,2017,Maracaju,MS,-21.62,-55.16,-21.62,-55.16,2016-09-19,,7.22,0.0722,0.07419906542056075,True,True,Maracaju_MS_2017
61,6,2017,Naviraí,MS,-23.06,-54.2,-23.06,-54.2,2016-10-08,,18.66,0.1866,0.1880644859813084,True,True,Naviraí_MS_2017
62,7,2017,Campo Novo do Parecis,MT,-13.66,-57.89,-13.66,-57.89,2016-10-22,,35.75,0.3575,0.35816588785046727,True,True,Campo Novo do Parecis_MT_2017
63,8,2017,Deciolândia,MT,-14.18,-57.51,-14.18,-57.51,2016-10-24,,38.75,0.3875,0.3880257009345795,True,True,Deciolândia_MT_2017
64,9,2017,Chapadão do Sul,MS,-18.8,-52.62,-18.8,-52.62,2016-09-29,,6.88,0.0688,0.07081495327102805,True,True,Chapadão do Sul_MS_2017
65,10,2017,Lucas do Rio Verde,MT,-13.08,-55.91,-13.08,-55.91,2016-10-11,,37.5,0.375,0.3755841121495327,True,True,Lucas do Rio Verde_MT_2017
66,11,2017,Nova Xavantina,MT,-14.68,-52.35,-14.68,-52.35,2016-12-02,,28.75,0.2875,0.2884929906542056,True,True,Nova Xavantina_MT_2017
67,12,2017,Rio Verde,GO,-17.79,-50.92,-17.79,-50.92,2016-11-04,,39.03,0.39030000000000004,0.39081261682242996,True,True,Rio Verde_GO_2017
68,13,2017,Confresa,MT,-10.66,-51.57,-10.66,-51.57,2016-11-15,,22.2,0.222,0.22329906542056074,True,True,Confresa_MT_2017
69,14,2017,Campo Novo do Parecis,MT,-13.66,-57.89,-13.66,-57.89,2016-10-26,,32.5,0.325,0.32581775700934584,True,True,Campo Novo do Parecis_MT_2017
70,15,2017,Campo Novo do Parecis,MT,-13.66,-57.89,-13.66,-57.89,2016-10-18,,32.5,0.325,0.32581775700934584,True,True,Campo Novo do Parecis_MT_2017
71,16,2017,Nova Mutum,MT,-13.82,-56.09,-13.82,-56.09,2016-10-19,,46.25,0.4625,0.46267523364485985,True,True,Nova Mutum_MT_2017
72,17,2017,Doverlândia,GO,-16.72,-52.32,-16.72,-52.32,2016-11-12,,39.98,0.3998,0.4002682242990654,True,True,Doverlândia_GO_2017
73,18,2017,Uruaçu,GO,-14.52,-49.15,-14.52,-49.15,2016-11-28,,27.63,0.2763,0.27734532710280374,True,True,Uruaçu_GO_2017
74,19,2017,Sorriso,MT,-12.54,-55.72,-12.54,-55.72,2016-10-21,,46.75,0.4675,0.4676518691588785,True,True,Sorriso_MT_2017
75,1,2018,Rio Verde,GO,-17.79,-50.92,-17.79,-50.92,2017-10-28,,50.0,0.5,0.5,True,True,Rio Verde_GO_2018
76,2,2018,Campo Verde,MT,-15.55,-55.17,-15.55,-55.17,2017-10-23,,70.0,0.7,0.6990654205607476,True,True,Campo Verde_MT_2018
77,3,2018,Chapadão do Sul,MS,-18.8,-52.62,-18.8,-52.62,2017-10-18,,26.88,0.2688,0.2698803738317757,True,True,Chapadão do Sul_MS_2018
78,4,2018,Campo Novo do Parecis,MT,-13.66,-57.89,-13.66,-57.89,2017-10-14,,36.38,0.3638,0.36443644859813085,True,True,Campo Novo do Parecis_MT_2018
79,5,2018,Lucas do Rio Verde,MT,-13.08,-55.91,-13.08,-55.91,2017-10-25,,21.0,0.21,0.21135514018691587,True,True,Lucas do Rio Verde_MT_2018
80,6,2018,Sapezal,MT,-13.55,-58.82,-13.55,-58.82,2017-10-21,,60.0,0.6,0.5995327102803739,True,True,Sapezal_MT_2018
81,7,2018,Campo Grande,MS,-20.46,-54.62,-20.46,-54.62,2017-10-18,,81.1,0.8109999999999999,0.8095467289719626,True,True,Campo Grande_MS_2018
82,8,2018,Bonito,MS,-21.13,-56.49,-21.13,-56.49,2017-10-10,,70.13,0.7012999999999999,0.7003593457943924,True,True,Bonito_MS_2018
83,9,2018,Maracaju,MS,-21.62,-55.16,-21.62,-55.16,2017-09-17,,86.5,0.865,0.8632943925233645,True,True,Maracaju_MS_2018
84,10,2018,São Gabriel do Oeste,MS,-19.4,-54.57,-19.4,-54.57,2017-10-09,,64.8,0.648,0.6473084112149533,True,True,São Gabriel do Oeste_MS_2018
85,11,2018,Campo Verde,MT,-15.55,-55.17,-15.55,-55.17,2017-10-23,,38.75,0.3875,0.3880257009345795,True,True,Campo Verde_MT_2018
86,12,2018,Nova Mutum,MT,-13.82,-56.09,-13.82,-56.09,2017-10-20,,46.0,0.46,0.4601869158878505,True,True,Nova Mutum_MT_2018
87,13,2018,Primavera do Leste,MT,-15.56,-54.3,-15.56,-54.3,2017-10-31,,45.0,0.45,0.4502336448598131,True,True,Primavera do Leste_MT_2018
88,14,2018,Rio Verde,GO,-17.79,-50.92,-17.79,-50.92,2017-10-23,,28.75,0.2875,0.2884929906542056,True,True,Rio Verde_GO_2018
89,15,2018,Sorriso,MT,-12.54,-55.72,-12.54,-55.72,2017-10-20,,60.5,0.605,0.6045093457943925,True,True,Sorriso_MT_2018
90,16,2018,Sorriso,MT,-12.54,-55.72,-12.54,-55.72,2017-10-03,,51.25,0.5125,0.5124415887850468,True,True,Sorriso_MT_2018
91,17,2018,Gurupi,TO,-11.72,-49.06,-11.72,-49.06,2017-11-17,,41.25,0.4125,0.4129088785046729,True,True,Gurupi_TO_2018
92,18,2018,Ipamerí,GO,-17.72,-48.16,-17.72,-48.16,2017-11-30,,31.88,0.3188,0.3196467289719626,True,True,Ipamerí_GO_2018
93,19,2018,Campo Novo do Parecis,MT,-13.66,-57.89,-13.66,-57.89,2017-11-17,,50.0,0.5,0.5,True,True,Campo Novo do Parecis_MT_2018
94,1,2019,Rio Verde,GO,-17.79,-50.92,-17.79,-50.92,2018-10-04,,44.0,0.44,0.4402803738317757,True,True,Rio Verde_GO_2019
95,2,2019,Querência,MT,-12.57,-52.21,-12.57,-52.21,2018-10-24,,36.5,0.365,0.36563084112149535,True,True,Querência_MT_2019
96,3,2019,Chapadão do Sul,MS,-18.78,-52.62,-18.78,-52.62,2018-10-09,,0.75,0.0075,0.00980140186915888,True,True,Chapadão do Sul_MS_2019
97,4,2019,Anaurilândia,MS,-22.17,-52.73,-22.17,-52.73,2018-11-19,,46.25,0.4625,0.46267523364485985,True,True,Anaurilândia_MS_2019
98,5,2019,Campo Grande,MS,-20.44,-54.65,-20.44,-54.65,2018-10-30,,50.23,0.5023,0.5022892523364486,True,True,Campo Grande_MS_2019
99,6,2019,Dourados,MS,-22.22,-54.81,-22.22,-54.81,2018-11-09,,58.78,0.5878,0.5873897196261681,True,True,Dourados_MS_2019
100,7,2019,Ivinhema,MS,-22.31,-53.82,-22.31,-53.82,2018-11-15,,52.0,0.52,0.5199065420560748,True,True,Ivinhema_MS_2019
101,8,2019,Maracaju,MS,-21.62,-55.17,-21.62,-55.17,2018-11-12,,70.15,0.7015,0.7005584112149532,True,True,Maracaju_MS_2019
102,9,2019,Naviraí,MS,-23.07,-54.19,-23.07,-54.19,2018-10-17,,43.08,0.43079999999999996,0.43112336448598126,True,True,Naviraí_MS_2019
103,10,2019,Campo Novo do Parecis,MT,-13.68,-57.89,-13.68,-57.89,2018-10-11,,38.6,0.386,0.38653271028037384,True,True,Campo Novo do Parecis_MT_2019
104,11,2019,Deciolandia,MT,-14.18,-57.51,-14.18,-57.51,2018-10-10,,33.6,0.336,0.3367663551401869,True,True,Deciolandia_MT_2019
105,12,2019,Rio Verde,GO,-17.8,-50.9,-17.8,-50.9,2018-10-18,2024-08-23,23.0,0.23,0.23126168224299065,True,True,Rio Verde_GO_2019
106,13,2019,Sapezal,MT,-12.99,-58.76,-12.99,-58.76,2018-10-19,,48.5,0.485,0.4850700934579439,True,True,Sapezal_MT_2019
107,14,2019,Nova Mutum,MT,-13.84,-56.08,-13.84,-56.08,2018-10-12,,47.5,0.475,0.47511682242990655,True,True,Nova Mutum_MT_2019
108,15,2019,Lucas do Rio Verde,MT,-13.08,-55.91,-13.08,-55.91,2018-10-17,,50.63,0.5063,0.5062705607476635,True,True,Lucas do Rio Verde_MT_2019
109,16,2019,Gurupi,TO,-11.72,-49.06,-11.72,-49.06,2018-11-29,,29.38,0.2938,0.29476355140186916,True,True,Gurupi_TO_2019
110,17,2019,Silvânia,GO,-16.64,-48.6,-16.64,-48.6,2018-11-15,,45.43,0.4543,0.45451355140186916,True,True,Silvânia_GO_2019
111,18,2019,São Miguel do Passa Quatro,GO,-17.06,-48.66,-17.06,-48.66,2018-12-15,,45.08,0.4508,0.45102990654205605,True,True,São Miguel do Passa Quatro_GO_2019
112,19,2019,Campo Verde,MT,-15.55,-55.17,-15.55,-55.17,2018-10-16,,52.5,0.525,0.5248831775700935,True,True,Campo Verde_MT_2019
113,20,2019,Sorriso,MT,-12.54,-55.72,-12.54,-55.72,2018-10-18,,56.0,0.56,0.5597196261682243,True,True,Sorriso_MT_2019
114,21,2019,Sorriso,MT,-12.54,-55.72,-12.54,-55.72,2018-10-26,,50.0,0.5,0.5,True,True,Sorriso_MT_2019
115,22,2019,Canarana,MT,-13.54,-52.16,-13.54,-52.16,2018-11-24,,22.2,0.222,0.22329906542056074,True,True,Canarana_MT_2019
116,1,2020,Rio Verde,GO,-17.8,-50.9,-17.8,-50.9,2019-10-20,,54.0,0.54,0.5398130841121496,True,True,Rio Verde_GO_2020
117,2,2020,Maracaju,MS,-21.62,-55.17,-21.62,-55.17,2019-10-17,,50.48,0.5047999999999999,0.5047775700934578,True,True,Maracaju_MS_2020
118,3,2020,Querência,MT,-12.57,-52.21,-12.57,-52.21,2019-10-18,,53.0,0.53,0.5298598130841121,True,True,Querência_MT_2020
119,4,2020,Chapadão do Sul,MS,-18.78,-52.62,-18.78,-52.62,2019-10-15,,15.63,0.1563,0.15790607476635513,True,True,Chapadão do Sul_MS_2020
120,5,2020,Lucas do Rio Verde,MT,-13.08,-55.91,-13.08,-55.91,2019-10-15,,33.5,0.335,0.3357710280373832,True,True,Lucas do Rio Verde_MT_2020
121,6,2020,Campo Novo do Parecis,MT,-13.68,-57.89,-13.68,-57.89,2019-10-17,,50.23,0.5023,0.5022892523364486,True,True,Campo Novo do Parecis_MT_2020
122,7,2020,Deciolândia,MT,-14.18,-57.51,-14.18,-57.51,2019-10-11,,49.75,0.4975,0.49751168224299064,True,True,Deciolândia_MT_2020
123,8,2020,Sorriso,MT,-12.54,-55.72,-12.54,-55.72,2019-10-14,,53.25,0.5325,0.5323481308411215,True,True,Sorriso_MT_2020
124,9,2020,Sorriso,MT,-12.54,-55.72,-12.54,-55.72,2019-11-06,,45.0,0.45,0.4502336448598131,True,True,Sorriso_MT_2020
125,10,2020,Nova Mutum,MT,-13.84,-56.08,-13.84,-56.08,2019-10-21,,53.25,0.5325,0.5323481308411215,True,True,Nova Mutum_MT_2020
126,11,2020,Nova Mutum,MT,-13.84,-56.08,-13.84,-56.08,2019-10-15,,51.0,0.51,0.5099532710280373,True,True,Nova Mutum_MT_2020
127,12,2020,Sapezal,MT,-12.99,-58.76,-12.99,-58.76,2019-10-19,,51.0,0.51,0.5099532710280373,True,True,Sapezal_MT_2020
128,13,2020,Rio Verde,GO,-17.8,-50.9,-17.8,-50.9,2019-10-21,,39.13,0.39130000000000004,0.39180794392523366,True,True,Rio Verde_GO_2020
129,14,2020,Campo Verde,MT,-15.55,-55.17,-15.55,-55.17,2019-10-15,2024-05-14,14.36,0.1436,0.14526542056074768,True,True,Campo Verde_MT_2020
130,15,2020,Luís Eduardo Magalhães,BA,-12.1,-45.8,-12.1,-45.8,2019-11-28,,5.85,0.058499999999999996,0.06056308411214953,True,True,Luís Eduardo Magalhães_BA_2020
131,16,2020,Luís Eduardo Magalhães,BA,-12.1,-45.8,-12.1,-45.8,2019-11-30,,16.88,0.16879999999999998,0.17034766355140182,True,True,Luís Eduardo Magalhães_BA_2020
132,17,2020,Silvânia,GO,-16.64,-48.6,-16.64,-48.6,2019-11-09,,40.03,0.4003,0.40076588785046724,True,True,Silvânia_GO_2020
133,18,2020,São Miguel do Passa Quatro,GO,-17.06,-48.66,-17.06,-48.66,2019-12-02,,42.45,0.42450000000000004,0.4248528037383178,True,True,São Miguel do Passa Quatro_GO_2020
134,19,2020,Canarana,MT,-13.54,-52.16,-13.54,-52.16,2019-11-08,,1.68,0.0168,0.019057943925233647,True,True,Canarana_MT_2020
135,1,2021,Rio Verde,GO,-17.8,-50.9,-17.8,-50.9,2020-10-19,,52.18,0.5218,0.5216981308411216,True,True,Rio Verde_GO_2021
136,2,2021,Campo Verde,MT,-15.55,-55.17,-15.55,-55.17,2020-10-24,,47.1,0.47100000000000003,0.47113551401869164,True,True,Campo Verde_MT_2021
137,3,2021,Querência,MT,-12.57,-52.21,-12.57,-52.21,2020-10-26,,37.25,0.3725,0.3730957943925234,True,True,Querência_MT_2021
138,4,2021,Campo Mourão,PR,-24.05,-52.38,-24.05,-52.38,2020-11-13,,32.83,0.3283,0.3291023364485981,True,True,Campo Mourão_PR_2021
139,5,2021,Lucas do Rio Verde,MT,-13.08,-55.91,-13.08,-55.91,2020-10-21,,32.25,0.3225,0.3233294392523364,True,True,Lucas do Rio Verde_MT_2021
140,6,2021,Sorriso,MT,-12.54,-55.72,-12.54,-55.72,2020-10-31,,46.25,0.4625,0.46267523364485985,True,True,Sorriso_MT_2021
141,7,2021,Campo Novo do Parecis,MT,-13.68,-57.89,-13.68,-57.89,2020-10-15,,32.88,0.32880000000000004,0.3296,True,True,Campo Novo do Parecis_MT_2021
142,8,2021,Deciolândia,MT,-14.18,-57.51,-14.18,-57.51,2020-10-14,,47.88,0.4788,0.4788990654205607,True,True,Deciolândia_MT_2021
143,9,2021,Canarana,MT,-13.54,-52.16,-13.54,-52.16,2020-10-24,,16.3,0.163,0.1645747663551402,True,True,Canarana_MT_2021
144,10,2021,Rio Verde,GO,-17.8,-50.9,-17.8,-50.9,2020-10-22,,23.88,0.23879999999999998,0.24002056074766354,True,True,Rio Verde_GO_2021
145,11,2021,Planaltina,DF,-15.48,-47.64,-15.48,-47.64,2020-11-17,,64.03,0.6403,0.6396443925233644,True,True,Planaltina_DF_2021
146,12,2021,Chapadão do Sul,MS,-18.78,-52.62,-18.78,-52.62,2020-10-20,,32.13,0.32130000000000003,0.32213504672897203,True,True,Chapadão do Sul_MS_2021
147,13,2021,Luís Eduardo Magalhães,BA,-12.1,-45.8,-12.1,-45.8,2020-11-08,,24.15,0.2415,0.24270794392523362,True,True,Luís Eduardo Magalhães_BA_2021
148,14,2021,Nova Mutum,MT,-13.84,-56.08,-13.84,-56.08,2020-10-23,,47.75,0.4775,0.47760514018691586,True,True,Nova Mutum_MT_2021
149,15,2021,Sapezal,MT,-12.99,-58.76,-12.99,-58.76,2020-10-23,,30.5,0.305,0.30591121495327106,True,True,Sapezal_MT_2021
150,16,2021,Sorriso,MT,-12.54,-55.72,-12.54,-55.72,2020-10-29,,64.5,0.645,0.644322429906542,True,True,Sorriso_MT_2021
151,17,2021,Sorriso,MT,-12.54,-55.72,-12.54,-55.72,2020-11-25,,58.75,0.5875,0.5870911214953272,True,True,Sorriso_MT_2021
152,18,2021,Nova Mutum,MT,-13.84,-56.08,-13.84,-56.08,2020-11-10,,50.25,0.5025,0.5024883177570093,True,True,Nova Mutum_MT_2021
153,19,2021,Silvânia,GO,-16.64,-48.6,-16.64,-48.6,2020-11-07,2024-08-28,28.25,0.2825,0.28351635514018686,True,True,Silvânia_GO_2021
154,20,2021,São Miguel do Passa Quatro,GO,-17.06,-48.66,-17.06,-48.66,2020-11-06,,30.65,0.3065,0.3074042056074766,True,True,São Miguel do Passa Quatro_GO_2021
155,1,2022,Rio Verde,GO,-17.8,-50.9,-17.8,-50.9,2021-10-14,,43.48,0.43479999999999996,0.43510467289719623,True,True,Rio Verde_GO_2022
156,2,2022,Campo Verde,MT,-15.55,-55.17,-15.55,-55.17,2021-10-22,,42.45,0.42450000000000004,0.4248528037383178,True,True,Campo Verde_MT_2022
157,3,2022,Lucas do Rio Verde,MT,-13.08,-55.91,-13.08,-55.91,2021-10-21,,50.5,0.505,0.5049766355140187,True,True,Lucas do Rio Verde_MT_2022
158,4,2022,Chapadão do Sul,MS,-18.78,-52.62,-18.78,-52.62,2021-10-19,,57.25,0.5725,0.572161214953271,True,True,Chapadão do Sul_MS_2022
159,5,2022,Querência,MT,-12.57,-52.21,-12.57,-52.21,2021-10-20,,41.75,0.4175,0.41788551401869156,True,True,Querência_MT_2022
160,6,2022,Canarana,MT,-13.54,-52.16,-13.54,-52.16,2021-10-21,,9.95,0.09949999999999999,0.10137149532710278,True,True,Canarana_MT_2022
161,7,2022,Maracaju,MS,-21.62,-55.17,-21.62,-55.17,2021-11-05,,40.5,0.405,0.40544392523364486,True,True,Maracaju_MS_2022
162,8,2022,Sapezal,MT,-12.99,-58.76,-12.99,-58.76,2021-10-27,,28.75,0.2875,0.2884929906542056,True,True,Sapezal_MT_2022
163,9,2022,Nova Mutum,MT,-13.84,-56.08,-13.84,-56.08,2021-10-28,,49.5,0.495,0.49502336448598133,True,True,Nova Mutum_MT_2022
164,10,2022,São Miguel do Passa Quatro,GO,-17.06,-48.66,-17.06,-48.66,2021-11-16,,28.45,0.2845,0.28550700934579437,True,True,São Miguel do Passa Quatro_GO_2022
165,11,2022,Silvânia,GO,-16.64,-48.6,-16.64,-48.6,2021-11-06,,38.8,0.38799999999999996,0.3885233644859813,True,True,Silvânia_GO_2022
166,12,2022,Planaltina,DF,-15.48,-47.64,-15.48,-47.64,2021-11-04,,53.25,0.5325,0.5323481308411215,True,True,Planaltina_DF_2022
167,13,2022,Diamantino,MT,-14.4,-56.43,-14.4,-56.43,2021-10-15,,45.5,0.455,0.4552102803738318,True,True,Diamantino_MT_2022
168,14,2022,Sorriso,MT,-12.54,-55.72,-12.54,-55.72,2021-10-22,,38.0,0.38,0.3805607476635514,True,True,Sorriso_MT_2022
169,15,2022,Sorriso,MT,-12.54,-55.72,-12.54,-55.72,2021-10-30,,39.78,0.3978,0.39827757009345793,True,True,Sorriso_MT_2022
170,16,2022,Sorriso,MT,-12.54,-55.72,-12.54,-55.72,2021-10-22,,51.0,0.51,0.5099532710280373,True,True,Sorriso_MT_2022
171,17,2022,Nova Mutum,MT,-13.84,-56.08,-13.84,-56.08,2021-10-09,,59.25,0.5925,0.5920677570093458,True,True,Nova Mutum_MT_2022
172,18,2022,Porto Nacional,TO,-10.71,-48.41,-10.71,-48.41,2021-11-08,,50.0,0.5,0.5,True,True,Porto Nacional_TO_2022
173,1,2023,Rio Verde,GO,-17.8,-50.9,-17.8,-50.9,2022-10-22,,48.75,0.4875,0.48755841121495325,True,True,Rio Verde_GO_2023
174,2,2023,Primavera do Leste,MT,-15.56,-54.3,-15.56,-54.3,2022-10-13,,73.75,0.7375,0.7363901869158879,True,True,Primavera do Leste_MT_2023
175,3,2023,Sorriso,MT,-12.54,-55.72,-12.54,-55.72,2022-10-13,,48.25,0.4825,0.4825817757009345,True,True,Sorriso_MT_2023
176,4,2023,Sorriso,MT,-12.54,-55.72,-12.54,-55.72,2022-10-29,,50.75,0.5075,0.507464953271028,True,True,Sorriso_MT_2023
177,5,2023,Nova Mutum,MT,-13.84,-56.08,-13.84,-56.08,2022-10-18,,46.0,0.46,0.4601869158878505,True,True,Nova Mutum_MT_2023
178,6,2023,Canarana,MT,-13.54,-52.16,-13.54,-52.16,2022-10-22,,41.7,0.41700000000000004,0.41738785046728977,True,True,Canarana_MT_2023
179,7,2023,Maracaju,MS,-21.62,-55.17,-21.62,-55.17,2022-11-01,,56.68,0.5668,0.5664878504672897,True,True,Maracaju_MS_2023
180,8,2023,Querência,MT,-12.57,-52.21,-12.57,-52.21,2022-10-14,,45.5,0.455,0.4552102803738318,True,True,Querência_MT_2023
181,9,2023,Rio Verde,GO,-17.8,-50.9,-17.8,-50.9,2022-10-22,,61.73,0.6173,0.6167518691588785,True,True,Rio Verde_GO_2023
182,10,2023,Campo Novo do Parecis,MT,-13.68,-57.89,-13.68,-57.89,2022-10-27,,21.5,0.215,0.2163317757009346,True,True,Campo Novo do Parecis_MT_2023
183,11,2023,Deciolândia,MT,-14.18,-57.51,-14.18,-57.51,2022-11-03,,26.25,0.2625,0.26360981308411213,True,True,Deciolândia_MT_2023
184,12,2023,Bandeirantes,MS,-19.92,-54.37,-19.92,-54.37,2022-10-19,,27.93,0.2793,0.28033130841121495,True,True,Bandeirantes_MS_2023
185,13,2023,Sorriso,MT,-12.54,-55.72,-12.54,-55.72,2022-10-17,,49.0,0.49,0.49004672897196266,True,True,Sorriso_MT_2023
186,14,2023,Sorriso,MT,-12.54,-55.72,-12.54,-55.72,2022-11-04,,43.25,0.4325,0.4328154205607477,True,True,Sorriso_MT_2023
187,15,2023,Campo Novo do Parecis,MT,-13.68,-57.89,-13.68,-57.89,2022-10-24,,40.75,0.4075,0.4079322429906542,True,True,Campo Novo do Parecis_MT_2023
188,16,2023,Campo Verde,MT,-15.55,-55.17,-15.55,-55.17,2022-10-19,,22.23,0.2223,0.22359766355140187,True,True,Campo Verde_MT_2023
189,17,2023,Lucas do Rio Verde,MT,-13.08,-55.91,-13.08,-55.91,2022-10-24,,45.0,0.45,0.4502336448598131,True,True,Lucas do Rio Verde_MT_2023
190,18,2023,Formosa,GO,-15.54,-47.34,-15.54,-47.34,2022-11-08,,37.75,0.3775,0.37807242990654205,True,True,Formosa_GO_2023
191,20,2023,São Desidério,BA,-12.35,-44.98,-12.35,-44.98,2022-11-15,,10.0,0.1,0.10186915887850467,True,True,São Desidério_BA_2023
192,21,2023,Nova Mutum,MT,-13.84,-56.08,-13.84,-56.08,2022-10-19,,39.5,0.395,0.39549065420560753,True,True,Nova Mutum_MT_2023
193,22,2023,Sapezal,MT,-12.99,-58.76,-12.99,-58.76,2022-10-26,,23.5,0.235,0.23623831775700935,True,True,Sapezal_MT_2023
194,1,2024,Rio Verde,GO,-17.79,-50.92,-17.79,-50.92,2023-10-14,,50.0,0.5,0.5,True,True,Rio Verde_GO_2024
195,2,2024,Primavera do Leste,MT,-15.55,-54.29,-15.55,-54.29,2023-10-28,,34.5,0.345,0.34572429906542057,True,True,Primavera do Leste_MT_2024
196,3,2024,Querência,MT,-12.57,-52.21,-12.57,-52.21,2023-10-28,,53.3,0.5329999999999999,0.5328457943925233,True,True,Querência_MT_2024
197,4,2024,Bandeirantes,MS,-19.92,-54.37,-19.92,-54.37,2023-11-02,,44.9,0.449,0.44923831775700934,True,True,Bandeirantes_MS_2024
198,5,2024,Sorriso,MT,-12.54,-55.72,-12.54,-55.72,2023-10-22,,26.8,0.268,0.2690841121495327,True,True,Sorriso_MT_2024
199,6,2024,Sorriso,MT,-12.54,-55.72,-12.54,-55.72,2023-10-28,,23.3,0.233,0.2342476635514019,True,True,Sorriso_MT_2024
200,7,2024,Sorriso,MT,-12.54,-55.72,-12.54,-55.72,2023-09-25,,17.5,0.175,0.17651869158878505,True,True,Sorriso_MT_2024
201,8,2024,Campo Novo do Parecis,MT,-13.66,-57.89,-13.66,-57.89,2023-10-26,2024-10-18,,,,False,True,Campo Novo do Parecis_MT_2024
202,9,2024,Deciolândia,MT,-14.18,-57.51,-14.18,-57.51,2023-10-26,,26.4,0.264,0.26510280373831774,True,True,Deciolândia_MT_2024
203,10,2024,Rio Verde,GO,-17.79,-50.92,-17.79,-50.92,2023-10-19,,59.8,0.598,0.5975420560747663,True,True,Rio Verde_GO_2024
204,11,2024,Maracaju,MS,-21.62,-55.16,-21.62,-55.16,2023-11-13,,52.5,0.525,0.5248831775700935,True,True,Maracaju_MS_2024
205,12,2024,Lucas do Rio Verde,MT,-13.08,-55.91,-13.08,-55.91,2023-10-27,,26.6,0.266,0.26709345794392525,True,True,Lucas do Rio Verde_MT_2024
206,13,2024,Primavera do Leste,MT,-15.55,-54.29,-15.55,-54.29,2023-10-27,,45.0,0.45,0.4502336448598131,True,True,Primavera do Leste_MT_2024
207,14,2024,Artur Nogueira,SP,-22.57,-47.17,-22.57,-47.17,2023-10-24,,22.0,0.22,0.22130841121495326,True,False,Artur Nogueira_SP_2024
208,15,2024,Campo Verde,MT,-15.55,-55.17,-15.55,-55.17,2023-10-28,2024-10-02,,,,False,True,Campo Verde_MT_2024
209,16,2024,Sapezal,MT,-12.99,-58.76,-12.99,-58.76,2023-10-25,,14.5,0.145,0.14665887850467288,True,True,Sapezal_MT_2024
210,17,2024,Nova Mutum,MT,-13.84,-56.08,-13.84,-56.08,2023-11-01,,24.5,0.245,0.24619158878504674,True,True,Nova Mutum_MT_2024
211,18,2024,Formosa,GO,-15.54,-47.34,-15.54,-47.34,2023-11-30,2024-10-23,,,,False,True,Formosa_GO_2024
212,19,2024,Sorriso,MT,-12.54,-55.72,-12.54,-55.72,2023-10-16,,31.7,0.317,0.3178551401869159,True,True,Sorriso_MT_2024
213,20,2024,Diamantino,MT,-14.4,-56.43,-14.4,-56.43,2023-11-07,,47.0,0.47,0.4701401869158878,True,True,Diamantino_MT_2024
214,21,2024,Barreiras,BA,-12.14,-44.99,-12.14,-44.99,2023-10-31,,35.0,0.35,0.35070093457943924,True,True,Barreiras_BA_2024
